REGON;RSPO;Nazwa placówki;Rodzaj placówki;Dzielnica;Adres placówki;Kod pocztowy;Telefony;E-mail;Dyrektor;Organ prowadzący;
22173904000000;12298;Przedszkole Bajkowa Akademia;niepubliczna bez upr.publ.;Siedlce;Jacka Malczewskiego 139;80-114;58 341 44 41;"biuro@iwrd.pl;";Iwona Ruta-Sominka;Fundacja-Instytut Wspomagania Rozwoju Dziecka ;
22216899200000;125418;Angielskie Przedszkole Niepubliczne Teddy The Bear;niepubliczna bez upr.publ.;Piecki-Migowo;Magellana 14;80-288;514 647 495;"info@thebear.pl;";Anna Piórkowska;Piotr Piórkowski ;
22216898600000;125427;Calineczka Niepubliczne Przedszkole językowo-muzyczne;niepubliczna z upr.publ.;Wrzeszcz Górny;Partyzantów 8/106;80-254;535 555 080;"calineczka@jezykowo-muzyczne.pl;";Hanna Sawa;Magdalena Rutkowska-Dolna, Magdalena Stępniewska ;
22197558400000;120644;Chrześcijańskie Przedszkole Montessori ;niepubliczna z upr.publ.;Przymorze Małe;Piastowska 27;80-332;587 316 634;"kontakt@montessori.gda.pl;";Ewa Zielińska ;Chrześcijańska Fundacja Edukacji Montessori CHCEMY ;
36825687500000;264061;Chrześcijańskie Przedszkole Montessori Nr 2 ;niepubliczna bez upr.publ.;Ujeścisko-Łostowice ;Kozacza Góra 74;80-180;587 316 634;"maciej.szulc@montessori.gda.pl; sekretariat2@montessori.gda.pl;";Mariusz Niewiarowski;Chrześcijańska Fundacja Edukacji Montessori CHCEMY ;
22177909600000;80502;Gdańskie Przedszkole Lingwista;niepubliczna bez upr.publ.;Śródmieście;Św. Barbary 1 ;80-753;58 303 30 33;"przedszkole@oswiatalingwista.eu;";Monika Cora;Oświata Lingwista Nadbałtyckie Centrum Edukacji Sp. z o. o. ;
22178290000000;86066;International Preschool of Gdansk / Międzynarodowe Przedszkole w Gdańsku;niepubliczna bez upr.publ.;Letnica;Sucha 29;80-351;"58 342 40 55
58 342 31 00 ";"isg@gfo.pl;";Małgorzata Kilian-Pieczonka;Gdańska Fundacja Oświatowa ;
22195482000000;120012;Królestwo Fantazji - Przedszkole Niepubliczne ;niepubliczna bez upr.publ.;Wrzeszcz Górny;Migowska 26;80-287;664 775 511;"biuro@krolestwofantazji.pl;";Joanna Długońska;Małgorzata Chojaczyk ;
36840749800000;264656;Leśne Przedszkole Montessori;niepubliczna bez upr.publ.;Ujeścisko-Łostowice ;Kozacza Góra 74;80-180;661 280 259;"kontakt@lesnemontessori.gda.pl;";Małgorzata Bąk;Leśny Instytut Motessori ;
36241367000000;128771;Little Harvard Niepubliczne Przedszkole;niepubliczna bez upr.publ.;Przymorze Małe;Lęborska 3B;80-386;531 433 033;"biuro@littleharvard.pl;";"Ewa Kowalewska
Marta Romanow";Alexandru Cristian Nimu;
22175934300000;29185;Niepubliczne Edu-Przedszkole;niepubliczna bez upr.publ.;Piecki-Migowo;Trzy Lipy 3;80-172;503 855 116;"biuro@przedszkole.gpnt.pl;";Magdalena Chmarzyńska;Magdalena Chmarzyńska ;
22177638200000;66307;Niepubliczne Przedszkole Arka Noego;niepubliczna bez upr.publ.;Chełm;Wawelska 21 ;80-034;"603 566 795 dyr.
510 545 651 p-le";"arkanoego21@wp.pl;";Aleksandra Kosatka;Parafia Rzymsko-Katolicka p. w. św. Teresy Benedykty od Krzyża (Edyty Stein) ;
22174913200000;19828;Niepubliczne Przedszkole Artystyczne Fantazja-Jasień;niepubliczna bez upr.publ.;Jasień;Jabłoniowa 27;80-176;790 503 790;"sekretariat@przedszkolefantazja.pl;";Edyta Romanowska;Edyta Romanowska ;
36552820900000;132282;Niepubliczne Przedszkole Artystyczno-Językowe Misia Wojtka;niepubliczna bez upr.publ.;Morena;Nałkowskiej 3;80-286;"501 058 291
889 524 747 dyr.";"przedszkole@morena.com.pl;";Ewa Żmurek;"Lokatorsko-Własnościowa Spółdzielnia Mieszkaniowa ""Morena""";
22216902300000;125416;Niepubliczne Przedszkole Bajkoland Daniel Kreft;niepubliczna bez upr.publ.;Piecki-Migowo;Myśliwska 33 lok. nr 135;80-283;791 274 454;"bajkolandprzedszkole@gmail.com;";Aleksandra Głodowska-Kreft;Daniel Kreft ;
22175799900000;29260;Niepubliczne Przedszkole Bajkowe Wzgórze ;niepubliczna bez upr.publ.;Piecki-Migowo;Widok 55/57;80-288;507 648 007;"biuro@bajkowewzgorze.com;";Agnieszka Krzynówek;Grażyna Bukowska i Dominika Subocz ;
22175942600000;28643;Niepubliczne Przedszkole Chatka Puchatka;niepubliczna bez upr.publ.;Siedlce;Szara 40;80-116;509 550 375;"przedszkole@puchatek.org.pl;";Magdalena Pałacka-Rybak;Magdalena Pałacka-Rybak ;
22175913600000;28607;Niepubliczne Przedszkole Chatka Puchatka - Zaspa;niepubliczna bez upr.publ.;Zaspa Rozstaje ;Żwirki i Wigury 16;80-363;504 222 091;"przedszkole@puchatek.org.pl;";Hanna Voss;Magdalena Pałacka-Rybak;
22176846000000;63260;Niepubliczne Przedszkole Cogito;niepubliczna bez upr.publ.;Chełm;Nieborowska 6;80-034;"500 435 466 
519 785 000";"alicjazegan@wp.pl;";Alicja Zegan;Alicja Zegan ;
22177245000000;71909;Niepubliczne Przedszkole Domek Przedszkolaka Montessori ;niepubliczna bez upr.publ.;Wrzeszcz Górny;Jaśkowa Dolina 15;80-251;601 675 255;"domekmontessori@gmail.com;";Agnieszka Piotrowska ;Agnieszka Piotrowska ;
22174118800000;13937;Niepubliczne Przedszkole Edu-Maluszek;niepubliczna bez upr.publ.;Przymorze Wielkie/Oliwa;"Olsztyńska 3C/1
Jana Husa 1";80-395      80-315;500 073 820;"biuro@edu-maluszek.pl;";Jolanta Lebiecka;Jolanta Mariola Lebiecka ;
36552564200000;132244;Niepubliczne Przedszkole Fasolka;niepubliczna bez upr.publ.;Jasień;Turzycowa 6;80-174;787 448 440;"przedszkole@fasolka.edu.pl;";Izabela Koprowska;Lidia Kwietniewska-Cabaj;
22215375000000;124688;Niepubliczne Przedszkole Gedania 1922;niepubliczna bez upr.publ.;Wrzeszcz Dolny;Aleja gen. Józefa Hallera 201;80-416;530 222 012;"sekretariat@przedszkolegedania1922.pl;";Agata Hoffman;Gdański Klub Sportowy Gedania 1922 ;
22175802000000;29411;Niepubliczne Przedszkole Językowe Kraina Tęczy;niepubliczna bez upr.publ.;Śródmieście;Ławnicza 1/2;80-828;58 301 53 91;"kraina-teczy@wp.pl;";Lucyna Subocz;Lucyna Subocz ;
22178052100000;86599;Niepubliczne Przedszkole Językowe o Profilu Artystyczno-Sportowym Happy Kids Osowa w Gdańsku-Osowej;niepubliczna bez upr.publ.;Osowa;Oriona 1;80-299;601 568 847;"anna.butkiewicz@poczta.fm;";Anna Butkiewicz;Anna Butkiewicz i Sylwia Kajkowska-Bykowska ;
22177004300000;70617;Niepubliczne Przedszkole Językowe Pod Wesołą Chmurką;niepubliczna bez upr.publ.;Śródmieście;Pachołów 1 ;80-837;58 301 85 59;"p45gdansk@wp.pl;";Elżbieta Chmura;Elżbieta Chmura ;
22175834900000;30024;Niepubliczne Przedszkole Językowo-Artystyczne ISKIERKA ;niepubliczna bez upr.publ.;Aniołki;Marii Skłodowskiej-Curie 3 b;80-210;732 700 190;"kontakt@przedszkole-iskierka.edu.pl;";Małgorzata Bidzińska ;Bartosz Mędrala ;
36247746300000;129110;Niepubliczne Przedszkole Językowo-Naukowe MegaMocni Chełm;niepubliczna bez upr.publ.;Chełm;Konstantego Cieszyńskiego 1 a;80-809;517 232 092;"biuro@przedszkolemegamocni.pl;";Agata Sokalska-Malak;Stowarzyszenie Twórczego Rozwoju Dynamo ;
22176444000000;43402;Niepubliczne Przedszkole Krasnal Izabela Brzoskowska-Hańska;niepubliczna bez upr.publ.;Orunia-św. Wojciech-Lipce;Żuławska 108 ;80-059;58 309 04 17;"przedszkole@przedszkolekrasnal.com.pl;";Izabela Brzoskowska-Hańska;Izabela Brzoskowska-Hańska ;
36840412300000;264651;Niepubliczne Przedszkole Kulturalno-Językowe MORELOVE;niepubliczna bez upr.publ.;Przymorze Wielkie ;Obrońców Wybrzeża 15/3;80-398;517 439 110;"moreloveprzedszkole@gmail.com;";Paulina Pytlos;Olga Kołodziejczyk, Paulina Pytlos;
22174914900000;19874;Niepubliczne Przedszkole Logopedyczne MegaMocni;niepubliczna bez upr.publ.;Zaspa Młyniec;Startowa 4/a;80-461;517 232 091;"biuro@przedszkolemegamocni.pl;";Bożena Stępiń;Stowarzyszenie Twórczego Rozwoju Dynamo ;
22176060700000;43433;Niepubliczne Przedszkole Martolandia;niepubliczna bez upr.publ.;Wrzeszcz Dolny;Żywiecka 5 c;80-407;504 270 002;"wrzeszcz@martolandia.pl;";Magdalena Skierka;Przedszkole Martolandia Spółka z o. o. ;
36482927400000;130984;Niepubliczne Przedszkole MegaMocni Stogi;niepubliczna bez upr.publ.;Stogi;Prof. Andruszkiewicza 5;80-461;501 835 532;"biuro@megamocnikoga.pl;";Bożena Stępiń;Stowarzyszenie Twórczego Rozwoju Dynamo ;
36799675900000;196308;Niepubliczne Przedszkole MegaMocni Suchanino;niepubliczna bez upr.publ.;Suchanino;Noskowskiego 1;80-170;500 035 314 dyr.;biuro@megamocnistogi.pl;Agnieszka Wróblewska Zofia Kaczykowska ds.. Pedagogicznych;Stowarzyszenie Twórczego Rozwoju Dynamo ;
22176589800000;55092;Niepubliczne Przedszkole MiniMontessori GEM;niepubliczna bez upr.publ.;Ujeścisko-Łostowice ;Beskidzka 19;80-180;"790 805 105 dyr.
502 749 556 p.o.";"biuro.gem@gmail.com;";Dorota Turowska;Dorota Ewelina Turowska ;
22175835500000;30074;Niepubliczne Przedszkole Morenowy Raj ;niepubliczna bez upr.publ.;Piecki-Migowo;Heleny Marusarzówny 17 ;80-288;58 348 77 97;"morenowyraj@wp.pl;";Maria Wójcik-Plata;Maria Wójcik-Plata, Eugeniusz Plata ;
22176105000000;34787;Niepubliczne Przedszkole Muzyczno-Językowe Mały Skarb ;niepubliczna bez upr.publ.;Ujeścisko-Łostowice ;11 Listopada 68;80-180; ;"poczta@malyskarb.pl;";Agnieszka Szczepańska;Agnieszka Szczepańska ;
22177000800000;70639;Niepubliczne Przedszkole Na Wzgórzu;niepubliczna bez upr.publ.;Piecki-Migowo;Bronisława Czecha 2 ;80-288;58 348 75 76;"nawzgorzu@poczta.fm;";Joanna Orłowska;Joanna Orłowska ;
36762410100000;133780;Niepubliczne Przedszkole Podwodna Kraina Iwona Potapczuk ;niepubliczna bez upr.publ.;Chełm;Cienista 28/66;80-046;501 301 737;"biuro@przedszkolepodwodnakraina.pl; bilps@poczta.onet.pl;";Barbara Dąbrowska;Iwona Potapczuk;
22177627000000;66346;Niepubliczne Przedszkole przy Parafii św. Teresy od Dzieciątka Jezus w Gdańsku;niepubliczna bez upr.publ.;Suchanino;Powstańców Warszawskich 52;80-165;502 082 022;"przedszkole@swteresa.pl;";Krystyna Stankowska;Parafia Rzymsko-Katolicka p. w. św. Teresy od Dzieciątka Jezus ;
22177001400000;70636;Niepubliczne Przedszkole Smykowo;niepubliczna bez upr.publ.;Strzyża;Chrzanowskiego 6/2;80-278;502 655 789;"biuro@smykowo.com;";Stefania Gajewska;DJP Sp. z o. o. ;
36840413000000;264655;Niepubliczne Przedszkole TRAMPOLINA;niepubliczna bez upr.publ.;Żabianka-Wejhera-Jelitkowo-Tysiąclecia;Gospody 3b;80-344;536 190 200;"e.grzywacz@przedszkoletrampolina.pl; m.koralewski@przedszkoletampolina.pl;";Ewelina Grzywacz;Marcin Koralewski, Ewelina Grzywacz;
36249640800000;129147;Niepubliczne Przedszkole Ujeścisko;niepubliczna bez upr.publ.;Ujeścisko-Łostowice ;Płocka 4;80-180;735 418 500;"przedszkole@ujescisko.pl;";Dorota Hirsz;Przedszkole Ujeścisko Sp. z o.o.;
22195575900000;120043;Niepubliczne Przedszkole Wesoła Wyspa;niepubliczna bez upr.publ.;Piecki-Migowo;Heleny Marusarzówny 4 A ;80-288;694 288 088;"biuro@wesola-wyspa.pl;";Joanna Kwiatkowska;Joanna Kwiatkowska ;
22150252600000;69246;Niepubliczne Przedszkole Zielona Dolina w Gdańsku;niepubliczna bez upr.publ.;Jasień;Jasieńska 89;80-175;505 146 180;"urszula.szotynska@wp.pl; zielonadolinagdansk@gmail.com;";Małgorzata Szotyńska;Małgorzata Szotyńska i Urszula Szotyńska-Wódarczyk ;
22176051800000;32087;Niepubliczne Wesołe Przedszkole;niepubliczna bez upr.publ.;Matarnia;mjr. Mieczysława Słabego 6 ;80-298;660 422 496 dyr.;"biuro@cudownakraina.pl;";Grażyna Romejko;Adam Warnicki ;
22216900000000;125417;Pozytywka Przedszkole Pozytywnych Inicjatyw przy Urzędzie Marszałkowskim w Gdańsku;niepubliczna bez upr.publ.;Śródmieście;ul. Okopowa 19;80-810;"601 710 640 dyr.
696 624 144";"pozytywka@pozytywneinicjatywy.pl;";Alicja Chachulska;Fundacja Pozytywne Inicjatywy ;
22177002000000;70623;Przedszkole Delfinek;niepubliczna bez upr.publ.;Chełm;Henryka Hubertusa Jabłońskiego 28 ;80-766;58 303 78 57;"poczta@przedszkoledelfinek.com.pl;";Izabela Grochola;Marta Śmigielska ;
22189847000000;115016;Przedszkole Fahrenheita;niepubliczna bez upr.publ.;Piecki-Migowo;Magellana 14/U6 i U7;80-214;788 664 615;"biuro@przedszkolefahrenheita.pl;";Alicja Grzesiak;Alicja Grzesiak ;
22176404800000;41066;Przedszkole Gedanensis ;niepubliczna bez upr.publ.;Brzeźno;Dworska 34;80-506;58 320 56 74;"szkola@gedanensis.edu.pl;";Joachim Szyc;Stowarzyszenie Szkoły Gedanensis ;
22175801300000;29321;Przedszkole Kota Edwarda ;niepubliczna bez upr.publ.;Wrzeszcz Górny;Ks. Józefa Zator-Przytockiego 3;80-386;509 701 803;"ewazio@wp.pl;";Ewa Ziółkowska;Ewa Maria Ziółkowska ;
22174922100000;20013;Przedszkole Martolandia na Morenie;niepubliczna bez upr.publ.;Piecki-Migowo;Myśliwska 22/4-5;80-126;504 270 002;"morena@martolandia.pl;";Augustyna Marchewka;Przedszkole Martolandia Spółka z o. o. ;
22174844000000;19496;Przedszkole Montessori Bambini 3;niepubliczna bez upr.publ.;Żabianka-Wejhera-Jelitkowo-Tysiąclecia;Kapliczna 25;80-341;603 070 809;"przedszkolebambini@wp.pl;";Małgorzata Piechowiak;Izabela Słaba ;
22177028000000;66284;Przedszkole Niepubliczne Artystyczno-Językowe;niepubliczna bez upr.publ.;Jasień;Pólnicy 26 ;80-177;58 322 10 72;"przedszkole.jasien@gmail.com;";Grażyna Stefanowska-Trąmpczyńska;Grażyna Stefanowska-Trąmpczyńska ;
22175830300000;29696;Przedszkole Niepubliczne Bajeczne Przedszkole;niepubliczna bez upr.publ.;Jasień;Rysia 2 ;80-175;58 710 01 37;"przedszkolebajeczne@wp.pl;";Elżbieta Chmura;Bajeczne Przedszkola Sp. z o. o. ;
22177473300000;29697;Przedszkole Niepubliczne Biały Kotek ;niepubliczna bez upr.publ.;Osowa;Wacława Balcerskiego 26;80-299;888 130 200;"biuro@bialykotek.pl; wioleta.lasocka@wp.pl;";Wioleta Lasocka;Wioleta Lasocka i Lucyna Lisowska ;
22204322700000;122242;Przedszkole Niepubliczne Biały Kotek-Oliwa;niepubliczna bez upr.publ.;Oliwa;Aleja Grunwaldzka 472 A;80-309;888 130 200;"biuro@bialykotek.pl; wioleta.lasocka@wp.pl;";Wioleta Lasocka;Wioleta Lasocka i Lucyna Lisowska ;
22174910300000;19890;Przedszkole Niepubliczne British International School Gdańsk;niepubliczna bez upr.publ.;Przymorze Wielkie;Jagiellońska 46;80-366;58 342 26 34;"office@bisg.edu.pl;";Robert Grisdale;British International School PL Sp. z o. o. ;
22175845000000;30236;Przedszkole Niepubliczne Dobry Port ;niepubliczna bez upr.publ.;Chełm;Cieszyńskiego 1;80-809;58 302 78 63 ;"biuro@patronplus.pl;";Krystyna Pawłowska;Parafia Rzymsko-Katolicka p. w. św. Urszuli Ledóchowskiej w Gdańsku ;
22178020200000;81763;Przedszkole Niepubliczne Dwujęzyczne Przedszkolaki;niepubliczna bez upr.publ.;Chełm;Worcella 44 A;80-809;793 605 613;"infinitylc@interia.pl;";Małgorzata Maryniak;Andrzej Maryniak ;
22176399400000;41060;Przedszkole Niepubliczne Fregata;niepubliczna bez upr.publ.;Oliwa;Cystersów 13;80-330;"58 342 71 65
506 492 426";"magdameck@fregata.edu.pl; skwer@skwer.org.pl;";Magdalena Michalska-Meck;Stowarzyszenie Kulturalne Wspierania Edukacji i Rozwoju ;
22176068800000;30185;Przedszkole Niepubliczne im. M. Jadwigi Kuleszy prowadzone przez Zgromadzenie Sióstr Benedyktynek Misjonarek;niepubliczna bez upr.publ.;Brzeźno;Wczasy 2;80-509;"58 343 45 96
58 552 14 85";"benedyktynki@o2.pl; rajmunda@wp.pl;";Grażyna Witkowska;Zgromadzenie Sióstr Benedyktynek Misjonarek ;
22175738000000;28042;Przedszkole Niepubliczne im. Panienki z Okienka;niepubliczna bez upr.publ.;Śródmieście;Bednarska 22 AB;80-848;58 301 42 58;"przedszkole@przedszkolebednarska.com.pl;";Ewa Słomińska;Ewa Słomińska ;
22191618500000;115586;Przedszkole Niepubliczne Językowe Lew Leon w Gdańsku ;niepubliczna bez upr.publ.;Wrzeszcz Górny;Jana Uphagena 10;80-237;500 309 085;"lewleon@pjll.pl;";Paweł Wroński;Paweł Wroński ;
38054460700000;267719;Przedszkole Niepubliczne KOT Filemon Akademia Odkrywców Wiedzy Zdobywców;niepubliczna bez upr.publ.;Oliwa;Kaprów 19b;80-316;509 561 610;"kontakt@przedszkolekotfilemon.gda.pl;";Bożena Kwiatkowska;Filemon Sp. z o.o.;
22175915900000;29250;Przedszkole Niepubliczne Krasnoludek S. C.;niepubliczna bez upr.publ.;Osowa;Diany 9 ;80-299;58 345 21 54;"epilog@poczta.onet.pl;";Iwona Głazik-Czarnecka;Iwona Głazik-Czarnecka, Aleksander Czarnecki ;
22199148800000;120881;Przedszkole Niepubliczne Marchewka;niepubliczna bez upr.publ.;Chełm;Świętokrzyska 5                  Marzeń 2;80-041;607 590 242;"biuro@przedszkolemarchewka.pl;";Agata Kotuniak;Monika Żukiewicz ;
22216288300000;125179;Przedszkole Niepubliczne My First Academy Towarzystwa Edukacyjnego Vizja;niepubliczna bez upr.publ.;Piecki-Migowo;Piekarnicza 16B;80-126;609 399 009;"gdansk@tevizja.pl;";Karolina Szamlewska-Karsznia;Towarzystwo Edukacyjne Vizja Sp. z o. o. ;
22177251000000;71899;Przedszkole Niepubliczne Parkowe Wzgórze;niepubliczna bez upr.publ.;Chełm;3 Brygady Szczerbca 2 a i 5;80-041;58 306 94 94;"przedszkole37gdansk@wp.pl;";Krystyna Kiełkiewicz;Krystyna Kiełkiewicz ;
22177317100000;71795;Przedszkole Niepubliczne Piotruś Pan;niepubliczna bez upr.publ.;Ujeścisko-Łostowice ;Piotrkowska 35 B/37 A i B;80-810;509 807 644;"przedszkole@piotrus-pan.edu.pl;";Krystyna Pawłowska;Agata Natalia Pawłowska ;
22175785800000;29169;Przedszkole Niepubliczne Pod Kasztanami;niepubliczna bez upr.publ.;Oliwa;Cystersów 7 ;80-330;58 552 17 32;"przedszkolewoliwie@wp.pl;";Mirosława Gotowała;Mirosława Gotowała ;
22177200700000;69234;Przedszkole Niepubliczne Puchatek;niepubliczna bez upr.publ.;Brzeźno;Westy 2 ;80-299;58 522 90 65;"przedszkolepuchatek@gmail.com;";Bożena Cymerys;Beata Haveker ;
22177188700000;69257;Przedszkole Niepubliczne Radosny Zakątek Barbara Budzan-Piekara;niepubliczna bez upr.publ.;Chełm;Tytusa Chałubińskiego 18 ;80-807;58 302 87 28;"radosnyzakatek@nsm.pl; bbudzan-piekara@wp.pl;";Barbara Budzan-Piekara;Barbara Budzan-Piekara ;
22177701600000;71898;Przedszkole Niepubliczne Sokrates;niepubliczna bez upr.publ.;Siedlce;Zakopiańska 37 A;80-139;58 320 13 00;"gdansk@szkolasokrates.pl;";Joanna Kopeć;O'Chikara M. Kwiatkowski i D. Kowalski Sp. J. ;
22175808800000;29518;Przedszkole Niepubliczne Stokrotka;niepubliczna bez upr.publ.;Przymorze Małe;Arkońska 25 ;80-387;58 558 55 65;"stokrotka70@interia.pl;";Barbara Kowalska;Barbara Kowalska ;
36264969700000;129523;Przedszkole Niepubliczne Uśmiech Dziecka;niepubliczna bez upr.publ.;Kokoszki;Kalinowa 71;80-177;512 825 512;"sloneczny-domek@wp.pl;";Dominika Knyszyńska;Doinika Knyszyńska;
22175827200000;29643;Przedszkole Niepubliczne Wesoły Delfinek;niepubliczna bez upr.publ.;Żabianka-Wejhera-Jelitkowo-Tysiąclecia;Pomorska 19 ;80-333;58 557 96 56-57;"ola.joanna@wp.pl;";Aleksandra Adamczak;Aleksandra Adamczak ;
22174911000000;19884;Przedszkole Niepubliczne Wyspa Przedszkolaka;niepubliczna bez upr.publ.;Wyspa Sobieszewska;Boguckiego 52A;80-690;691 837 209;"wyspa.przedszkolaka@wp.pl;";Weronika Feitek ;Weronika Feitek ;
22177621200000;68284;Przedszkole Niepubliczne Zgromadzenia Sióstr Opieki Społecznej p. w. św. Antoniego;niepubliczna bez upr.publ.;Oliwa;Aleja Grunwaldzka 563 A;80-339;"608 540 167
506 960 415";"1przedszkoleantoninek@wp.pl;";Barbara Pietrzyk;Zgromadzenie Sióstr Opieki Społecznej p. w. św. Antoniego ;
22198181100000;120734;Przedszkole Niepubliczne Żyrafa;niepubliczna bez upr.publ.;Wrzeszcz Górny;Cypriana Kamila Norwida 4;80-280;793 700 289;"zyrafa@zyrafa.gda.pl;";Magdalena Kołakowska;Centrum Zabawy i Edukacji Żyrafa Sp. z o. o. ;
38149447800000;269456;Przedszkole Niepubliczne Żyrafa Słowackiego ;niepubliczna bez upr.publ.;Wrzeszcz Górny;Słowackiego 13;80-280;793 700 289;"zyrafa@zyrafa.gda.pl;";Aleksandra Kuberska;Centrum Zabawy i Edukacji Żyrafa Sp. z o. o. ;
22176445600000;43346;Przedszkole PRELUDIUM;niepubliczna bez upr.publ.;Ujeścisko-Łostowice ;Niepołomicka 22 a;80-180;602 410 339;"przedszkolepreludium@op.pl;";Dorota Markul;Dorota Markul ;
22177654800000;66279;Przedszkole Wielka Przygoda;niepubliczna bez upr.publ.;Ujeścisko-Łostowice ;Ujeścisko 10 ;80-130;607 143 234;"kasia@wielkaprzygoda.com;";Katarzyna Dolna ;Wielka Przygoda Sp. z o. o. ;
22177641300000;69240;Przedszkole Zgromadzenia Sióstr Najświętszej Duszy Chrystusa Pana Solaris;niepubliczna bez upr.publ.;Śródmieście;Brygidki 17 ;80-856;58 301 19 88;"przedszkole.solaris.zdch@gmail.com; siostraweronika@gmail.com;";Magda Bednarska;Zgromadzenie Sióstr Najświętszej Duszy Chrystusa Pana ;
22176426100000;30109;Przedszkole Zgromadzenia Służebnic Matki Dobrego Pasterza;niepubliczna bez upr.publ.;Brzeźno;Kazimierza Pułaskiego 2 ;80-520;58 342 93 39;"mariolajust@wp.pl;";Mariola Just;Zgromadzenie Służebnic Matki Dobrego Pasterza ;
22216283100000;125188;Radosne Maluchy Niepubliczne Przedszkole Artystyczno-Językowe;niepubliczna bez upr.publ.;Suchanino;Piotra Czajkowskiego 5;80-169;792 203 589;"sekretariat@radosnemaluchy.eu;";Agnieszka Jastrzębska;Agnieszka Jastrzębska;
22216292000000;125183;Sopockie Przedszkole Niepubliczne;niepubliczna bez upr.publ.;Żabianka-Wejhera-Jelitkowo-Tysiąclecia;Jelitkowska 47;80-342;501 730 100;"agnieszka.arndt@wp.pl;";Alina Gmyrek;Agnieszka Arndt ;
22175783500000;29056;Twórcze Przedszkole Rośnij Radośnie;niepubliczna bez upr.publ.;Osowa;Junony 96 ;80-299;660 282 802;"biuro@przedszkole-rosnijradosnie.pl;";Grażyna Ferenc-Wesołowska;Grażyna Ferenc-Wesołowska ;
36676978300000;133174;Bajkowy Domek Przedszkole Publiczne w Gdańsku;publiczna;Ujeścisko-Łostowice;Wieżycka 10 ;80-180;660-362-263;"dyrektor@bajkowydomek.com.pl;";Ewa Krasoń;Ewa Krasoń ;
36534788000000;131793;Morskie Przedszkole w Gdańsku ;publiczna;Ujeścisko-Łostowice;Rogalińska 17;80-809;"58 325 68 68
534 901 918";"biuro@morskieprzedszkole.pl;";Justyna Bruska;Monika Gierszon ;
22178211200000;87375;Przedszkole Publiczne im. Św. Jana de La Salle;publiczna;Wrzeszcz Górny;Obywatelska 3;80-259;58 341 98 16;"przedszkole@lasalle.gda.pl;";Janusz Robionek;Zgromadzenie Braci Szkół Chrześcijańskich z siedzibą Kurii Prowincjonalnej w Kopcu ;
36691785800000;133278;Przedszkole Publiczne Mądry Miś Ujeścisko w Gdańsku;publiczna;Ujeścisko-Łostowice;Mariana Kołodzieja 11;80-180;500 288 989;"przedszkole@madrymis.pl;";Sylwia Pochmara;Katarzyna Buczek;
36403307800000;130445;Przedszkole Publiczne Słoneczna Kraina - Osowa;publiczna;Osowa;Siedleckiego 16 ;80-299;511 024 444 dyr.;"biuro@osowa.com.pl;";Lesya Szymczak;Centrum Edukacji Novum Sp. z o.o.;
36403296600000;130444;Przedszkole Publiczne Słoneczna Kraina - Ujeścisko;publiczna;Ujeścisko-Łostowice;Lubelska 3a;80-180;501 250 901 dyr.;"biuro@osowa.com.pl;";Lesya Szymczak;Centrum Edukacji Novum Sp. z o.o.;
22175931400000;29049;Przedszkole Sióstr Elżbietanek;publiczna;Oliwa;Opacka 5 ;80-330;"605 880 075
58 301 52 71";"kontakt@przedszkole.gda.pl;";Elżbieta Cyra;Zgromadzenie Sióstr Św. Elżbiety Prowincja Toruńska ;
36825695800000;264064;Publiczne Pozytywne Przedszkole nr 1 w Gdańsku ;publiczna;Wrzeszcz Dolny;Kilińskiego 5a;80-452;735 207 817;"przedszkole1@pozytywneinicjatywy.pl;";Jolanta Dykas Klisz;Fundacja Pozytywne Inicjatywy ;
36825701800000;264065;Publiczne Pozytywne Przedszkole nr 2 w Gdańsku ;publiczna;Śródmieście;Łąkowa 60 B 80-769;80-043;696 305 194;"przedszkole2@pozytywneinicjatywy.pl;";Anna Łapińska ;Fundacja Pozytywne Inicjatywy ;
36825762700000;264067;Publiczne Pozytywne Przedszkole nr 3 w Gdańsku ;publiczna;Orunia-św. Wojciech-Lipce;Trakt Św. Wojciecha 143;80-769;696 305 261;"przedszkole3@pozytywneinicjatywy.pl;";Bartłomiej Zentkowski;Fundacja Pozytywne Inicjatywy ;
36825988500000;264068;Publiczne Pozytywne Przedszkole nr 4 w Gdańsku ;publiczna;Ujeścisko-Łostowice;Świętokrzyska 23;80-034;696 305 236;"przedszkole4@pozytywneinicjatywy.pl;";Agnieszka Brylska;Fundacja Pozytywne Inicjatywy ;
38127247600000;268886;Publiczne Pozytywne Przedszkole nr 5 w Gdańsku ;publiczna;Piecki-Migowo;Kruczkowskiego 2;80-288;668 529 817;"przedszkole5@pozytywneinicjatywy.pl; k.krol@pozytywneinicjatywy.pl;";Kamilla Król;Pozytywne Inicjatywy-Edukacja Sp. z o.o. ;
38127263100000;268887;Publiczne Pozytywne Przedszkole nr 6 w Gdańsku ;publiczna;Ujścisko - Łostowce ;Fildorfa 25;80-041;791 274 454;"przedszkole6@pozytywneinicjatywy.pl; j.luczynska@pozytywneinicjatywy.pl;";Joanna Łuczyńska;Pozytywne Inicjatywy-Edukacja Sp. z o.o. ;
36403335100000;130448;Publiczne Przedszkole Akademia Przedszkolaka;publiczna;Ujeścisko-Łostowice;Sosnkowskiego 3a/13 i 3b/7;80-041;"512 615 955
506 552 599";"oap@wp.pl;";Beata Podsadna;Beata Chlebińska-Gużel, Agata Ćwięk;
36403246900000;130441;Publiczne Przedszkole Bursztynowy Kompas;publiczna;Wrzeszcz Dolny;Aleja Legionów 11;80-441;"501 669 894
501 669 956 dyr.";"gdansk@familijny.pl;";Ewa Urbaniak;Fundacja Familijny Poznań;
36827876000000;264169;Publiczne Przedszkole Dziesiątka w Gdańsku;publiczna;Zaspa-Rozstaje;Konstantego Ciołkowskiego 10 ;80-463;58 346 62 98;"info@nasza-szkola.edu.pl;";Anna Faltyńska ;Ewa Majrowska ;
36825995100000;264082;Publiczne Przedszkole Gdańska Akademia Przedszkolaka;publiczna;Ujeścisko-Łostowice;Sosnkowskiego 1A/12 1B/7;80-034;;"oap@wp.pl;";Beata Podsadna;Beata Chlebińska-Gużel, Agata Ćwięk;
36404112600000;130464;Publiczne Przedszkole Językowo-Muzyczne Start w Gdańsku;publiczna;Kokoszki;Fundamentowa 8;80-298;58 349 50 52;"ppstart@wp.pl;";Katarzyna Perera ;Katarzyna Perera;
36523319300000;131545;Publiczne Przedszkole KidsLab;publiczna;Kokoszki;Azaliowa 14;80-177;505 102 909;"oliwiasz@tlen.pl; magdalena_grzonka@icloud.com;";Oliwa Słowińska;GATE Sp. z o.o.;
36403321000000;130447;Publiczne Przedszkole Kolorowe Gniazdko;publiczna;Osowa;Orfeusza 33/31;80-299;660 802 996           664 006 391;"przedszkole.kolorowegniazdko@wp.pl;";Iwona Nawrocka;Beata Stenka, Dariusz Stenka;
36403258700000;130442;Publiczne Przedszkole Krzyś;publiczna;Ujeścisko-Łostowice;"Konrada Guderskiego 1 B
Jaworzniaków 10";80-180;533 335 951;"gdansk@familijny.pl;";Ewa Urbaniak;Fundacja Familijny Poznań;
36403274200000;130443;Publiczne Przedszkole Leonardo;publiczna;Rudniki;Miałki Szlak 74;80-171;513 067 309;"gdansk@familijny.pl;";Marzena Bladowska;Fundacja Familijny Poznań;
36826274600000;264083;Publiczne Przedszkole Little Umbrella ;publiczna;Śródmieście;Toruńska 18 B/C;80-747;508 134 665;"biuro@littleumbrella.pl;";Krystyna Idzior;Little Umbrella Sp. z o. o. ;
36676981400000;133176;Publiczne Przedszkole Olimpijczyk w Gdańsku;publiczna;Ujeścisko-Łostowice;Kazimierza Porębskiego 4;80-180;535 405 805;"info@olimpijczyk.gda.pl; biuro@osowa.com.pl; dyrektor@olimpijczyk.gda.pl;";Lesya Szymczak;EDU KLUB Olimpijczyk Sp. z o. o. w Gdańsku;
36404125000000;130465;Publiczne Przedszkole Oruńska Akademia Przedszkolaka;publiczna;Chełm;Krzemowa 2;80-041;514 315 746;"oap@wp.pl;";Beata Podsadna;Beata Chlebińska-Gużel, Agata Ćwięk;
36403340500000;130439;Publiczne Przedszkole Perłowa Busola ;publiczna;Orunia-św. Wojciech-Lipce;Ubocze 3;80-052;533 335 951;"gdansk@familijny.pl;";Ewa Urbaniak;Fundacja Familijny Poznań;
36403229700000;130440;Publiczne Przedszkole Srebrna Kotwica;publiczna;Ujeścisko-Łostowice;Cedrowa 27 ;80-126;533 335 951;"gdansk@familijny.pl;";Ewa Urbaniak;Fundacja Familijny Poznań;
36403337400000;130438;Publiczne Przedszkole Tik Tak w Gdańsku;publiczna;Kokoszki;Gostyńska 8;80-178;516 080 862;"magdaryd@o2.pl; jola@sochaj.com;";Jolanta Szewczyk-Sochaj;Magdalena Rydzewska;
36504189000000;131220;Publiczne Przedszkole Trzynastka;publiczna;Zaspa Mlyniec;Startowa 9;80-461;58 556 58 00;"przedszkole13@autograf.pl;";Małgorzata Goyke;Małgorzata Goyke;
22177551400000;70632;Instytut Wspomagania Rozwoju Dziecka Przedszkole Specjalne dla Dzieci z Zaburzeniem Autystycznym;niepubliczna bez upr.publ.;Siedlce;Jacka Malczewskiego 139;80-114;58 341 44 41;"biuro@iwrd.pl;";Anna Budzińska;Fundacja-Instytut Wspomagania Rozwoju Dziecka ;
22195480800000;120011;Przedszkole dla Dzieci Niewidomych w Sobieszewie;niepubliczna bez upr.publ.;Wyspa Sobieszewska;Przegalińska 29;80-680;"58 323 94 22
58 308 06 30";"s.ida@laski.edu.pl;";Jolanta Burzyk;Towarzystwo Opieki nad Ociemniałymi Stowarzyszenie;
22195574200000;120041;Baśniowa Akademia Niepubliczny Punkt Przedszkolny;niepubliczna bez upr.publ.;Ujeścisko-Łostowice ;Baśniowa 10;80-180;663 745 078;"aniaskowronka@wp.pl;";Anna Piernicka;Anna Piernicka ;
22175924800000;28882;Dwujęzyczny Przedszkolak;niepubliczna bez upr.publ.;Chełm;Worcella 44 A;80-809;58 309 93 92;"infinitylc@interia.pl;";Małgorzata Maryniak;Andrzej Maryniak ;
22215374300000;124685;Integracyjny Punkt Przedszkolny Dobry Start;niepubliczna bez upr.publ.;Zaspa Młyniec;Pilotów 19;80-460;784 352 233;"dobrystartprzedszkole@wp.pl;";Marzena Ryńska;Marzena Ryńska ;
36552578300000;132248;Integracyjny Punkt Przedszkolny Dobry Start - Gdańsk Wrzeszcz;niepubliczna bez upr.publ.;Wrzeszcz Górny;Biała 7;80-435;784 352 233;"pterapia@wp.pl;";Marzena Ryńska;Marzena Ryńska ;
22174857500000;19594;Klub Przedszkolaka Montessori;niepubliczna bez upr.publ.;Osowa;Parkingowa 2A;80-299;510 256 748;"jagoda.bukowska@gmail.com;";Jagoda Bukowska;Jagoda Bukowska;
22175910700000;28485;Kolorowy Punkt Przedszkolny w Matemblewie ;niepubliczna bez upr.publ.;Brętowo;Gustawa Herlinga-Grudzińskiego 2;80-283;507 224 460;"biuro@kolorowe.gda.pl;";Elżbieta Januszewska;Głos w Edukacji Fedyniak-Kołodziej i Wspólnicy Sp. J. ;
36540519700000;131993;Misiek Zdzisiek;niepubliczna bez upr.publ.;Jasień;Leszczynowa 60/1;80-175;516 658 423;"misiek.zdzisiek@outlook.com;";;Beata Marcinkowska, Dorota Szuchnicka;
22195309700000;119948;Niepubliczny Integracyjny Punkt Przedszkolny Mali Przyjaciele;niepubliczna bez upr.publ.;Ujeścisko-Łostowice ;Warszawska 84 A;80-180;601 659 438;"biuro@maliprzyjaciele.edu.pl;";Iwona Kalinowska;Iwona Kalinowska ;
22173285800000;6647;Niepubliczny Punkt Przedszkolny EUREKA;niepubliczna bez upr.publ.;Chełm;gen. Kazmierza Sosnkowskiego 3;80-041;783 025 107;"przedszkole.eureka@wp.pl;";Agnieszka Lis;Zbigniew Pankowski ;
22184581200000;111718;Niepubliczny Punkt Przedszkolny Gdańska Kamieniczka Montessori;niepubliczna bez upr.publ.;Suchanino;Taborowa 5 c/4;80-171;508 145 260;"natalia.kaminska@wp.pl;";Natalia Kamińska;Natalia Kamińska ;
22177203600000;69180;Niepubliczny Punkt Przedszkolny Hula Hop;niepubliczna bez upr.publ.;VII Dwór;Piotra Michałowskiego 37;80-300;505 852 964;"info@hulahop.gda.pl;";Karolina Osmańska;Karolina Gintrowska ;
38140472000000;269222;Niepubliczny Punkt Przedszkolny Kraina Malucha;niepubliczna bez upr.publ.;Zaspa-Rozstaje;Żwirki i Wigury 8/1;80-464;577 400 611;"adam.kierznikiewicz@wp.pl;";Wieńczysław Mielewczyk;Izabela Kierznikiewicz ;
38129739300000;268938;Niepubliczny Punkt Przedszkolny Mali Przyjaciele nr 2;niepubliczna bez upr.publ.;Brętowo ;Matemblewska 1/17;80-283;601 659 438;"biuro@maliprzyjaciele.edu.pl;";Iwona Kalinowska;Iwona Kalinowska ;
22177547700000;70634;Niepubliczny Punkt Przedszkolny MiniMontessori;niepubliczna bez upr.publ.;Chełm;Anny Jagiellonki 34/1;80-180;790 805 105;"biuro.gem@gmail.com;";Dorota Ewelina Turowska;Dorota Ewelina Turowska ;
22175916500000;30494;Niepubliczny Punkt Przedszkolny Misiowy Raj;niepubliczna bez upr.publ.;Brętowo;Niedźwiednik 14;80-292;883 687 132;"misiowy.raj@wp.pl;";Iwona Poturaj;Iwona Poturaj ;
22177003700000;70622;Niepubliczny Punkt Przedszkolny Morenowy Porcik;niepubliczna bez upr.publ.;Piecki-Migowo;Krzysztofa Kolumba 6E;80-288;793 393 242;"morenowy.porcik@wp.pl;";Monika Bądkowska;Monika Bądkowska, Marek Latos;
38054469400000;267720;Niepubliczny Punkt Przedszkolny Morenowy Porcik II;;;Żylewicza 9a/30;80-288;"793 393 242
667 850 899";"morenowy.porcik@wp.pl;";Monika Bądkowska;Monika Bądkowska, Marek Latos;
22189852400000;115018;Niepubliczny Punkt Przedszkolny Smyk;niepubliczna bez upr.publ.;Ujeścisko-Łostowice ;Warszawska 55 c;80-180;697 378 100;"bnadolska@smyk.gda.pl;";Barbara Nowak ;Barbara Nowak ;
22173916800000;12497;Niepubliczny Punkt Przedszkolny Sowa Zuzu;niepubliczna bez upr.publ.;Siedlce;Powstańców Warszawskich 63;80-165;535 585 215;"akademia@sowazuzu.pl;";Katarzyna Szymańska;Katarzyna Szymańska ;
38138640600000;269146;Niepubliczny Punkt Przedszkolny Szkrabolandia Duo;niepubliczna bez upr.publ.;Ujeścisko-Łostowice ;Warszawska 129;80-180 ;600 003 443;"biuro@szkrabolandia.com.pl; ms.katy@wp.pl;";Katarzyna Kwasiborska;Katarzyna Kwasiborska ;
22174119400000;13973;Niepubliczny Punkt Przedszkolny Tygryskowa Kraina Magdalena Pyskło;niepubliczna bez upr.publ.;Piecki-Migowo;Myśliwska 65D/2;80-283;518 965 405;"tygryskowakraina@tlen.pl;";Magdalena Pyskło;Magdalena Pyskło ;
36056495600000;126596;Niepubliczny Punkt Przedszkolny Wesoły Promyczek;niepubliczna bez upr.publ.;Chełm;gen. Augusta Emila  Fieldorfa 13/5;80-041 ;504 184 669;"boz.mil@wp.pl;";Bożena Milczewska;Bożena Milczewska;
22177682100000;68268;Niepubliczny Punkt Przedszkolny Wzgórze Puchatka;niepubliczna bez upr.publ.;Ujeścisko-Łostowice ;Kazmierza Porębskiego 50;80-180;535 566 656;"wzgorzepuchatka@onet.pl;";Karolina Marek ;Karolina Marek ;
36829337900000;264230;Psychologiczno-Artystyczny Punkt Przedszkolny Empatia;niepubliczna bez upr.publ.;Piecki-Migowo;Widok 34;80-288;506 688 323;"empatia.gdansk@gmail.com;";Kamila Widawska;Psychologiczno-Artystyczny Punkt Przedszkolny Empatia Sp. z o.o.;
38143497300000;269305;Punkt Przedszkolny Biały Kotek w Gdańsk;niepubliczna bez upr.publ.;;Syriusza 24;80-299;888 130 200;;;;
22177704500000;71900;Punkt Przedszkolny Centrum Zabawy przy Przedszkolu Niepublicznym Parkowe Wzgórze;niepubliczna bez upr.publ.;Chełm;3 Brygady Szczerbca 5;80-041;58 306 94 94;"przedszkole37gdansk@wp.pl;";Krystyna Kiełkiewicz;Krystyna Kiełkiewicz ;
22203891800000;122147;Punkt Przedszkolny Dinusie Joanna Krajewska;niepubliczna bez upr.publ.;Chełm;ul. Kazimierza Wielkiego 45/3;80-180;730 577 533;"joannacabaj7@wp.pl;";Joanna Krajewska;Joanna Krajewska ;
36839726800000;264621;Punkt Przedszkolny Lisa Rudosława;niepubliczna bez upr.publ.;Ujeścisko-Łostowice ;Jaworzniaków 32;80-180;500 830 130;"info@lisrudoslaw.pl; annabartnicka@wp.pl;";Anna Bartnicka;Anna Bartnicka;
22174169100000;14411;Punkt Przedszkolny Mali Odkrywcy;niepubliczna bez upr.publ.;Ujeścisko-Łostowice ;Piotrkowska 39B;80-180;605 166 473;"pakaprzedszkolaka@o2.pl;";Magdalena Pniewska;Magdalena Pniewska ;
36056464300000;126595;Punkt Przedszkolny Małe Lwy;niepubliczna bez upr.publ.;Zaspa Rozstaje ;Janusza Meissnera 13;80-462;505 050 850;"przedszkole@male-lwy.pl;";Hanna Semkło;Agnieszka Wiśniewska i Hanna Semkło ;
36829409000000;264239;Punkt Przedszkolny Małe Lwy Jasień;niepubliczna bez upr.publ.;Ujeścisko-Łostowice;Guderskiego 60;80-180;505 050 850         696 644 611;"przedszkole@male-lwy.pl;";Hanna Semkło;Hanna Semkło, Agnieszka Wiśniewska;
38143498000000;269307;Punkt Przedszkolny Montessori Słowiańska Wieża;niepubliczna bez upr.publ.;;Obrońców Wybrzeża 23/20;;690 587 663;"slowianskawieza@gmail.com;";Maria Kossak;Słowiańska Wieża Sp. z o.o.;
22177177500000;68279;Punkt Przedszkolny Olusia;niepubliczna bez upr.publ.;Kokoszki;Borówkowa 10;80-177;607 300 478;"aniaramczyk@o2.pl;";Anna Ramczyk;Anna Ramczyk - Wójcik;
36264955600000;129519;Punkt Przedszkolny Pegaz;niepubliczna bez upr.publ.;Siedlce;Powstańców Warszawskich 71;80-159;"668 370 482
533 287 007";"zarzad@pegaz.la; kmadej@pegaz.la;";Marta Umińska;Pegaz.la Sp. z o.o.;
22216290800000;125181;Punkt Przedszkolny Smerfikowa Chatka;niepubliczna bez upr.publ.;Przymorze Małe;Rzepichy 4;80-353;512 113 559;"smerfikowachatka@o2.pl;";Beata Lewkowicz;Beata Lewkowicz ;
22174909500000;19746;Punkt Przedszkolny SOTIS;niepubliczna bez upr.publ.;Strzyża;Mikołaja Gomółki 11/13;80-279;603 595 710;"gdansk@sotis.pl;";Anna Czarnecka ;Sotis Sp. z o.o. ;
22174851700000;19512;Punkt Przedszkolny SZKRABOLANDIA;niepubliczna bez upr.publ.;Ujeścisko-Łostowice ;Warszawska 151;80-180;600 003 443;"biuro@szkrabolandia.com.pl; ms.katy@wp.pl;";Katarzyna Kwasiborska;Katarzyna Kwasiborska ;
22174912600000;19880;Zatoka Zabawy Niepubliczny Punkt Przedszkolny;niepubliczna bez upr.publ.;Orunia-św. Wojciech-Lipce;Trakt Św. Wojciecha 223/225;80-017;500 152 038;"przedszkolezielonomi@wp.pl; zielonomi.net@wp.pl;";Dagmara Grudzińska;Zielono Mi Sp. z o.o. ;
36407395900000;130469;Publiczny Integracyjny Punkt Przedszkolny - Akademia Małego Europejczyka im. św. Jana Pawła II w Gdańsku;publiczna;Olszynka;Dworkowa 11;80-774;725 135 302;"maly.europejczyk@wp.pl;";Wieńczysław Mielewczyk;Wieńczysław Mielewczyk, Paweł Chmielowiec;
36407404800000;130470;Publiczny Punkt Przedszkolny Domek Sąsiedzki w Gdańsku;publiczna;Orunia-św. Wojciech-Lipce;Gościnna 14;80-032;58 304 99 56 wew. 24;"biuro@gfis.pl; m.urbanowicz@gfis.pl;";Magdalena Urbanowicz;Gdańska Fundacja Innowacji Społecznej ;
22177558900000;70629;Gdańskie Okienka Przedszkolne;niepubliczna bez upr.publ.;Stogi;Wilhelma Stryjewskiego 28;80-620;58 307 30 61 ;"lukasz_gda@wp.pl;";Maria Jolanta Bemben;Gdańskie Stowarzyszenie Pedagogów Praktyków ;
36806518700000;262874;Akademicka Szkoła Podstawowa Magellanum w Gdańsku;niepubliczna z upr.publ.;Wrzeszcz Dolny;"Aleja Legionów 13 A
biuro: B. Chrobrego 36A/13";"80-444
80-423";691058490;"magellanum@magellanum.edu.pl; sekretariat@magellanum.edu.pl;";Katarzyna Turowska-Zakrzewicz;Magellanum Sp. z o.o.;
22178237100000;71958;British International School Gdańsk - Szkoła Podstawowa;niepubliczna z upr.publ.;Przymorze Wielkie;Tysiąclecia 29;80-351;58 342 26 00;"office@bisg.edu.pl;";Robert Grisdale;British International School PL Sp. z o. o. ;
22197561500000;120645;Chrześcijańska Szkoła Montessori;niepubliczna z upr.publ.;Przymorze Wielkie;Jagiellońska 5;80-371;587 316 634;"kontakt@montessori.gda.pl;";Beata Szulc;Chrześcijańska Fundacja Edukacji Montessori CHCEMY ;
36820049000000;263516;Chrześcijańska Szkoła Montessori Nr 2;niepubliczna z upr.publ.;Ujeścisko-Łostowice ;Kozacza Góra 74;80-180;587 316 634;"maciej.szulc@montessori.gda.pl; sekretariat2@montessori.gda.pl;";Mariusz Niewiarowski;Chrześcijańska Fundacja Edukacji Montessori CHCEMY ;
22178349400000;86063;Elementary International School of Gdansk/Międzynarodowa Szkoła Podstawowa w Gdańsku;niepubliczna z upr.publ.;Letnica;Sucha 29;80-531;58 342 40 55;"isg@gfo.pl;";Agata Kożuszek;Gdańska Fundacja Oświatowa ;
22176406000000;30613;Fregata Szkoła Podstawowa dla Chłopców;niepubliczna z upr.publ.;Oliwa;Cystersów 13;80-330;58 342 71 65;"piotr.bednarski@fregata.edu.pl; skwer@skwer.org.pl;";Piotr Sznajderowicz;Stowarzyszenie Kulturalne Wspierania Edukacji i Rozwoju ;
22194924000000;119762;FREGATA Szkoła Podstawowa dla Dziewcząt;niepubliczna z upr.publ.;Oliwa;Cystersów 13;80-330;"58 342 71 65
512 149 030";"fregata@fregata.edu.pl;";Katarzyna Przybył-Tamowicz;Stowarzyszenie Kulturalne Wspierania Edukacji i Rozwoju ;
22177892600000;81749;Gdańska Szkoła Podstawowa;niepubliczna z upr.publ.;Orunia-św. Wojciech-Lipce;Małomiejska 58 ;80-037;58 346 39 66;"glogda@wp.pl;";Magdalena Soliwoda;Stowarzyszenie Przyjaciół Gdańskiego Liceum Ogólnokształcącego ;
36806774300000;262904;Gdańska Szkoła Podstawowa Lingwista im. Hymnu Narodowgo ;niepubliczna z upr.publ.;Siedlce;Jacka Malczewskiego 51 ;80-107;58 303 30 30;"gimnazjum@oswiatalingwista.eu;";Małgorzata Stępniak;Oświata Lingwista Nadbałtyckie Centrum Edukacji Sp. z o. o. ;
22177661400000;66313;Gdańska Szkoła Podstawowa Lingwista im. Zjednoczonej Europy;niepubliczna z upr.publ.;Śródmieście;Św. Barbary 1;80-753;58 301 43 27;"gsp@szkola.gda.pl; gsp@oswiatalingwista.eu;";Monika Cora;Oświata Lingwista Nadbałtyckie Centrum Edukacji Sp. z o. o. ;
22178273800000;85999;Gdańskie Szkoły Autonomiczne Gdańska Autonomiczna Szkoła Podstawowa;niepubliczna z upr.publ.;Śródmieście;Osiek 11;80-842;58 320 37 76;"gasp@gfo.pl;";Joanna Burandt;Gdańska Fundacja Oświatowa ;
22178299700000;86148;I Społeczna Szkoła Podstawowa Społecznego Towarzystwa Oświatowego;niepubliczna z upr.publ.;Oliwa;Polanki 11 ;80-308;58 552 43 61;"polanki.sto@gmail.com;";Hanna Sempka;Samodzielne Koło Terenowe Nr 9 Społecznego Towarzystwa Oświatowego ;
22178283300000;86125;II Społeczna Szkoła Podstawowa Społecznego Towarzystwa Oświatowego;niepubliczna z upr.publ.;Siedlce;Kartuska 245 ;80-125;58 302 68 74;"2ssp@sto2.com.pl;";Marek Grąziewicz;Samodzielne Koło Terenowe Nr 200 Społecznego Towarzystwa Oświatowego ;
22178151000000;86458;III Społeczna Szkoła Podstawowa Społecznego Towarzystwa Oświatowego;niepubliczna z upr.publ.;Wrzeszcz Dolny;Ludwika Waryńskiego 36 ;80-433;58 341 70 25;"sto3gdansk@sto3.gda.pl;";Jolanta Zabrocka;Samodzielne Koło Terenowe Nr 191 Społecznego Towarzystwa Oświatowego ;
36806773700000;262900;Katolicka Szkoła Podstawowa im. Swiętego Wojciecha w Gdańsku ;niepubliczna z upr.publ.;Piecki-Migowo;Piecewska 9;80-288;58 345 82 74;"sekretariat@szkolywojciecha.pl;";Joanna Sidorowicz;Stowarzyszenie Rodzin Katolickich w Archidiecezji Gdańskiej ;
22175920200000;28757;Niepubliczna Polsko-Brytyjska Szkoła Podstawowa Nr 1 ;niepubliczna z upr.publ.;Chełm;Stanisława Worcella 44 /a;80-809;793 605 613;"infinitylc@interia.pl;";Małgorzata Maryniak;Andrzej Maryniak ;
22177643600000;79859;Niepubliczna Szkoła Podstawowa Nasza Szkoła;niepubliczna z upr.publ.;Zaspa Rozstaje ;Konstantego Ciołkowskiego 10 ;80-463;58 346 62 98;"info@nasza-szkola.edu.pl;";Ewa Majrowska;Ewa Majrowska ;
22177655400000;66309;Niepubliczna Szkoła Podstawowa Sokrates;niepubliczna z upr.publ.;Siedlce;Zakopiańska 37a;80-142;58 320 13 00;"gdansk@szkolasokrates.pl;";Joanna Kopeć;O'Chikara M. Kwiatkowski i D. Kowalski Sp. J. ;
36806540200000;262876;Niepubliczna Szkoła Podstawowa Thinking Zone w Gdańsku ;niepubliczna z upr.publ.;Oliwa;ul. Grunwaldzka 472 b;80-309;509 342 346;"info@thinkingzone.pl; agata.marjanska@thinkingzone.pl;";Agata Marjańska;Fundacja Thinking Zone;
22177740100000;80448;Niepubliczna Szkoła Podstawowa z Oddziałami Dwujęzycznymi Happy Kids Osowa;niepubliczna z upr.publ.;Osowa;"Oriona 1
Nowy Świat 7 A";80-299;601 568 847;"dyrektor@happykidsosowa.pl;";Anna Butkiewicz;Anna Butkiewicz i Sylwia Kajkowska-Bykowska ;
22176400200000;41069;Podstawowa Szkoła Gedanensis ;niepubliczna z upr.publ.;Brzeźno;Dworska 34;80-506;58 320 56 74;"szkola@gedanensis.edu.pl;";Joachim Szyc;Stowarzyszenie Szkoły Gedanensis ;
22176963700000;43412;Podstawowa Szkoła Społeczna Niedźwiednik ;niepubliczna z upr.publ.;Brętowo;Juliusza Słowackiego 83 ;80-257;58 342 53 73;"pssniedz@wp.pl;";Joanna Rogowska ;Towarzystwo Szkolne Leśna Góra ;
36097634000000;126944;Szkoła Podstawowa Akademii Dobrej Edukacji im. Macieja Płażyńskiego;niepubliczna z upr.publ.;Żabianka-Wejhera-Jelitkowo-Tysiąclecia;Chłopska 64;80-350;609 916 501;"ade.gdansk@dobraedukacja.edu.pl;";Katarzyna Hall;Stowarzyszenie Dobra Edukacja ;
36534407600000;131758;Szkoła Podstawowa BE MONTESSORI SCHOOL GDAŃSK;niepubliczna z upr.publ.;Suchanino;Schuberta 79;80-172;790 805 105;"biuro@bemontessori.pl; biuro.gem@gmail.com;";Dorota Turowska;Katarzyna Szymańska, Dorota Turowska;
22178341300000;86264;Szkoła Podstawowa im. Św. Jana de la Salle;niepubliczna z upr.publ.;Brętowo;Juliusza Słowackiego 101 ;80-281;58 342 59 15;"bracia@lasalle.gda.pl;";Janusz Robionek;Zgromadzenie Braci Szkół Chrześcijańskich ;
36833798700000;264420;Szkoła Podstawowa Programów Indywidualnych w Gdańsku;niepubliczna z upr.publ.;Oliwa;Polanki 124 ;80-308;58 552 41 88;"liceum@olpi.gda.pl;";Piotr Bogdanowicz;OLPI Sp. z o.o. ;
22178294500000;86270;Szkoła Podstawowa przy Parafii Św. Kazimierza;niepubliczna z upr.publ.;Zaspa Młyniec;Pilotów 1 ;80-460;58 556 93 35;"kaziuki@kaziuki.pl;";Krzysztof Mudlaff;Parafia Rzymskokatolicka pw. św. Kazimierza Królewicza;
22216273600000;125174;Szkoła Podstawowa Towarzystwa Edukacyjnego Vizja;niepubliczna z upr.publ.;Piecki-Migowo;Piekarnicza 16 B;80-126;609 399 009;"gdansk@tevizja.pl;";Grzegorz Stanio;Towarzystwo Edukacyjne Vizja Sp. z o. o. ;
36807251400000;262911;Niepubliczna Szkoła Podstawowa Mistrzostwa Sportowego Gdańskiego Klubu Sportowego Gedania 1922;niepubliczna z upr.publ.;Wrzeszcz Dolny;ul. Wrzeszczńska 29;80-416;697 013 339 dyr.;"sms@gedania1922.pl;";Marcin Jędryczka;Gdański Klub Sportowy Gedania 1922 ;
36828657000000;264209;Niepubliczna Szkoła Podstawowa Mistrzostwa Sportowego Marcina Gortata w Gdańsku;niepubliczna z upr.publ.;Zaspa Rozstaje;Janusza Meissnera 9;80-462;883 261 313;"sekretariatgdansk@szkolagortata.pl; adrian.lis@szkolagortata.pl;";Adrian Lis;MG 13 Sp. z o.o.;
36807249000000;262910;Atut Lider Kształcenia Szkoła Podstawowa dla Dorosłych w Gdańsku;niepubliczna z upr.publ.;Młyniska/Śródmieście;Rajska 4E/14(sekretariat)         Topolowa 7 (zajęcia);80-850       80-255;"58 380 17 56
533 404 491";"gdansk@atutszkola.pl;";Elżbieta Sawicka;DRENIA GD Sp. z o.o.;
38142188700000;269263;PROFESJA Szkoła Podstawowa dla Dorosłych w Gdańsku;niepubliczna z upr.publ.;Nowy Port;"Heweliusza 11 (sekretariat)
Wyzwolenia 8 (zajęcia)";80-537;724-466-305;"sp.vertica@gmail.com;";Aleksandra Porożyńska;Vertiica Sp. z.o.o.;
38096338500000;268136;Niepubliczna Podstawowa Szkoła Specjalna;niepubliczna z upr.publ.;Przymorze;Jagielońska 11;80-371;58 553 02 61;"sekretariat@psoni.gda.pl; biuro.edukacja@psoni.gda.pl;";Katarzyna Joanna Świeczkowska;Polskie Stowarzyszenie na rzecz Osób z Niepełnosprawnością Intelektualną Koło w Gdańsku;
36534779000000;131786;Morska Szkoła Podstawowa w Gdańsku;publiczna;Ujeścisko-Łostowice;Rogalińska 17;80-809;"601 439 532 sek. 
728 344 470 dyr.";"biuro@morskaszkola.pl;";Justyna Januszewska;Monika Gierszon ;
22214201800000;124084;Pozytywna Szkoła Podstawowa w Gdańsku;publiczna;Kokoszki;Azaliowa 18;80-177;"604 420 063
601 748 778 dyr. ";"azaliowa@pozytywneinicjatywy.pl;";Sebastian Krawczyk;Pozytywne Inicjatywy-Edukacja Sp. z o.o. w Pucku ;
36655826000000;133053;Publiczna Szkoła Podstawowa Olimpijczyk w Gdańsku z oddziałami sportowymi ;publiczna;Ujeścisko-Łostowice;Kazimierza Porębskiego 4;80-180;535 405 805;"info@olimpijczyk.gda.pl; biuro@osowa.com.pl; dyrektor@olimpijczyk.gda.pl;";Dariusz Kruczkowski;EDU KLUB Olimpijczyk Sp. z o. o. w Gdańsku;
22173498100000;5981;Szkoła Podstawowa Nr 29 w Gdańsku;publiczna;Rudniki;Miałki Szlak 74;80-717;"513 067 309 sek.
533 335 951";"sp29@familijny.pl; s.buda@familijny.pl; ";Teresa Górzyńska-Frask;Fundacja Familijny Poznań ;
22215331200000;124660;NOVA Gimnazjum dla Dorosłych w Gdańsku;niepubliczna z upr.publ.;Siedlce/Śródmieście;"Kartuska 128
biuro: ul. Długa 70/71";"80-136
80-831";58 320 56 66;"gdansk@nova.edu.pl;";Ilona Jankowska;Nova Centrum Edukacyjne Sp. z o. o. ;
22178037200000;81753;Gdańskie Gimnazjum;niepubliczna z upr.publ.;Orunia-św. Wojciech-Lipce;Małomiejska 58 ;80-037;58 346 39 66;"glogda@wp.pl;";Magdalena Soliwoda;Stowarzyszenie Przyjaciół Gdańskiego Liceum Ogólnokształcącego ;
22178284000000;86001;Gdańskie Szkoły Autonomiczne Gdańskie Autonomiczne Gimnazjum;niepubliczna z upr.publ.;Śródmieście;Osiek 11/12;80-842;58 301 48 81;"gag@gfo.pl;";Paweł Andrzejczuk;Gdańska Fundacja Oświatowa ;
22195318600000;119952;Gimnazjum Akademii Dobrej Edukacji im. Macieja Płażyńskiego ;niepubliczna z upr.publ.;Żabianka-Wejhera-Jelitkowo-Tysiąclecia;Chłopska 64;80-350;609 916 501;"ade.gdansk@dobraedukacja.edu.pl;";Anna Florek;Stowarzyszenie Dobra Edukacja ;
22176405400000;41071;Gimnazjum Gedanensis;niepubliczna z upr.publ.;Brzeźno;Dworska 34;80-506;58 320 56 74;"szkola@gedanensis.edu.pl;";Joachim Szyc;Stowarzyszenie Szkoły Gedanensis ;
22178291600000;86260;Gimnazjum im. św. Jana de La Salle;niepubliczna z upr.publ.;Brętowo;Juliusza Słowackiego 101 ;80-281;58 342 59 15;"bracia@lasalle.gda.pl;";Janusz Robionek;Zgromadzenie Braci Szkół Chrześcijańskich ;
36266099000000;129552;Gimnazjum TEB Edukacja;niepubliczna z upr.publ.;Wrzeszcz Górny;Romana Dmowskiego 16 A;80-264;58 765 96 90;"gdansk@teb-edukacja.pl;";Patrycja Mlejek-Gałęza;TEB Edukacja Sp. z o.o. ;
22178086300000;86149;I Społeczne Gimnazjum Społecznego Towarzystwa Oświatowego;niepubliczna z upr.publ.;Oliwa;Polanki 11 ;80-308;58 552 43 61;"polanki.sto@gmail.com;";Hanna Sempka;Społeczne Towarzystwo Oświatowe Samodzielne Koło Terenowe Nr 9 ;
22178293900000;86128;II Społeczne Gimnazjum Społecznego Towarzystwa Oświatowego;niepubliczna z upr.publ.;Siedlce;Kartuska 245 ;80-125;58 302 68 74;"2ssp@sto2.com.pl;";Marek Grąziewicz;Samodzielne Koło Terenowe Nr 200 Społecznego Towarzystwa Oświatowego ;
22178153200000;86460;III Społeczne Gimnazjum Społecznego Towarzystwa Oświatowego;niepubliczna z upr.publ.;Wrzeszcz Dolny;Ludwika Waryńskiego 36 ;80-433;58 341 70 25;"sto3gdansk@sto3.gda.pl;";Jolanta Zabrocka;Samodzielne Koło Terenowe Nr 191 Społecznego Towarzystwa Oświatowego ;
22178268400000;86064;Middle International School of Gdansk/Międzynarodowe Gimnazjum w Gdańsku;niepubliczna z upr.publ.;Letnica;Sucha 29;80-531;58 342 40 55;"isg@gfo.pl;";Agata Kożuszek;Gdańska Fundacja Oświatowa ;
36523342500000;131547;Niepubliczne Sportowe Gimnazjum Olimpijczyk w Gdańsku;niepubliczne z upr.publ.;Ujeścisko-Łostowice;Porębskiego 4;80-180;535 405 805;"biuro@osowa.com.pl; info@olimpijczyk.gda.pl; dyrektor@olimpijczyk.gda.pl;";;Gdańska Sportowa Szkoła z Przedszkolem Sp. z o. o. ;
22178280400000;86273;Publiczne Katolickie Gimnazjum im. św. Kazimierza;publiczna;Zaspa Młyniec;Pilotów 1 ;80-460;58 556 93 35;"kaziuki@kaziuki.pl;";Krzysztof Mudlaff;Parafia Rzymsko-Katolicka pw. św. Kazimierza;
36356429900000;130165;Akademickie Liceum Ogólnokształcące Gdańskiej Szkoły Wyższej;niepubliczna z upr.publ.;Śródmieście;Biskupia 24 B;80-875;"58 305 08 89
58 305 99 71";"biuro@alo.gsw.gda.pl;";Łukasz Lewandowski;Gdańska Szkoła Wyższa;
22214853500000;124334;Alfa Edukacja Liceum Ogólnokształcące dla Dorosłych w Gdańsku;niepubliczna z upr.publ.;Wrzeszcz Górny;"sekr. Wł. Pniewskiego 3a 
zajęcia: Burzyńskiego 10";80-840;739 060 005;"gdansk@alfaedukacja.pl;";Marcin Raszewski;Michał Grelus ;
22177706800000;71906;Atut Lider Kształcenia Liceum Ogólnokształcące dla Dorosłych w Gdańsku;niepubliczna z upr.publ.;Śródmieście;"Rajska 4 E/14 
Topolowa 7";"80-050 
80-255";"533 404 491
58 380 17 56";"gdansk@atutszkola.pl;";Elżbieta Sawicka;DRENIA GD Sp. z o.o.;
36534359100000;131746;Bałtyckie Liceum Ogólnokształcące dla Dorosłych w Gdańsku;niepubliczna z upr.publ.;Śródmieście;Rajska 6;80-850;603 875 533 dyr.;"lszczukowska@wp.pl;";Lucyna Szczukowska;Lucyna Szczukowska;
22215325200000;124648;BLUE Liceum Ogólnokształcące dla Dorosłych w Gdańsku;niepubliczna z upr.publ.;Siedlce;Kartuska 128;80-136;"58 380 08 20
730 054 800";"gdansk@blue.edu.pl;";Waldemar Żurawski;BLUE Education Sp. z o. o. ;
22178022500000;81757;Liceum Ogólnokształcące dla Dorosłych;niepubliczna z upr.publ.;Orunia-św. Wojciech-Lipce;Małomiejska 58 ;80-037;58 346 39 66;"glogda@wp.pl;";Magdalena Soliwoda;Stowarzyszenie Przyjaciół Gdańskiego Liceum Ogólnokształcącego ;
22177617500000;70640;Liceum Ogólnokształcące dla Dorosłych Alternatywa Centrum Nauki;niepubliczna z upr.publ.;Śródmieście;Wały Piastowskie 1/608;80-958;58 320 22 46;"sekretaeiat@alternatywa.szkola.pl;";Violetta Szywała;Dorota Utnik-Szczepankiewicz ;
22178208100000;86605;Liceum Ogólnokształcące dla Dorosłych im. prof. Ludwika Bandury;niepubliczna z upr.publ.;Piecki-Migowo;Piecewska 9 ;80-288;58 345 82 74;"sekretariat@kgoe.pl;";Grażyna Sidorowicz;Stowarzyszenie Rodzin Katolickich w Archidiecezji Gdańskiej ;
22177912700000;80826;Liceum Ogólnokształcące dla Dorosłych Omega;niepubliczna z upr.publ.;Zaspa Młyniec;Pilotów 7 ;80-460;58 340 80 20;"omegagda@wp.pl;";Ewelina Domagała;Stowarzyszenie Charytatywno-Oświatowe Omega ;
36241383600000;128790;Liceum Ogólnokształcące dla Dorosłych OMEGA w Gdańsku;niepubliczna z upr.publ.;Wrzeszcz Górny;Ks. Leona Miszewskiego 12/13;80-239;58 351 32 09;"gdansk@szkolyomega.pl;";Lucyna Jakóbczyk;Maria Gołęczyk;
22177808500000;71565;Liceum Ogólnokształcące dla Dorosłych ŻAK w Gdańsku;niepubliczna z upr.publ.;Śródmieście;Targ Drzewny 3/7;80-886;58 308 42 06;"gdansk@zak.edu.pl; centrala@zak.edu.pl;";Beata Podczaska;Centrum Nauki i Biznesu Żak Sp. z o. o. ;
22177685000000;70648;Liceum Ogólnokształcące TEB Edukacja dla Dorosłych w Gdańsku ;niepubliczna z upr.publ.;Wrzeszcz Górny;Romana Dmowskiego 16 A;80-264;58 321 71 21;"gdansk@teb.pl; gdansk@teb-edukacja.pl;";Patrycja Mlejnek-Gałęza;TEB Edukacja Sp. z o.o. ;
36244057200000;128979;Niepubliczne Liceum Ogólnokształcące Plejada w Gdańsku;niepubliczna z upr.publ.;Wrzeszcz Dolny;Aleja Legionów 7;80-441;58 341 02 82;"studium.novum@wp.pl;";Anna Pfliger;Bożena Sugalska ;
22177691000000;68564;Nova Liceum Ogólnokształcące dla Dorosłych w Gdańsku;niepubliczna z upr.publ.;Siedlce;Kartuska 128;80-136;"58 320 56 66
793 399 855";"gdansk@nova.edu.pl;";Ilona Jankowska;Nova Centrum Edukacyjne Sp. z o. o. ;
22176417200000;35053;Oliwskie Liceum Ogólnokształcące;niepubliczna z upr.publ.;Przymorze Wielkie;Kołobrzeska 75;80-396;58 552 50 00;"gce@gce.edu.pl; przymorze@gce.edu.pl;";Grzegorz Szymczewski;Grzegorz Szymczewski i Katarzyna Bojko-Szymczewska ;
38142202000000;269266;PROFESJA Liceum Ogólnokształcące dla Dorosłych w Gdańsku;niepubliczna z upr.publ.;Nowy Port;"Heweliusza 11 (sekretariat)
Wyzwolenia 8 (zajęcia)";80-537;724-466-305;"sp.vertica@gmail.com;";Aleksandra Porożyńska;Vertiica Sp. z.o.o.;
22176415000000;30719;Prywatne Liceum Ogólnokształcące dla Dorosłych;niepubliczna z upr.publ.;Siedlce ;Skarpowa 3 ;80-145;58 302 01 81;"liceum.skarpowa3@wp.pl; gdansk@twoja-szkola.pl;";Beata Wilczek;Tomasz Kubala ;
36356412900000;130162;Prywatne Liceum Ogólnokształcące Omnibus w Gdansku;niepubliczna z upr.publ.;Zaspa Rozstaje ;Zbigniewa Burzyńskiego 10;80-462;500 375 427;"biuro@szkolyomnibus.pl;";Alina Łucko;Krzysztof Wojciechowski, Dorota Wasiłek - Wojciechowska;
22177856000000;72039;Szkoły Prusa Liceum Ogólnokształacące dla Dorosłych w Gdańsku;niepubliczna z upr.publ.;Wrzeszcz Górny;"Jana Sobieskiego 90
Wały Jagiellońskie 2/4 lok 1";"80-216
80-887";"600 373 011
510 724 422";"dyrektor@szkolyprusa.edu.pl; sekretariat@szkolyprusa.edu.pl;";Krystyna Barbara Kuliś;Katarzyna Lachman;
36098474700000;126959;Zaoczne Liceum Ogólnokształcące dla Dorosłych Cosinus Plus w Gdańsku;niepubliczna z upr.publ.;Wrzeszcz Górny;Aleja Grunwaldzka 102 ;80-244;58 301 01 99;"gdansk@cosinus.pl;";Barbara Młynek;Funfacja MENSAM;
22177718600000;70619;Zaoczne Liceum Ogólnokształcące w Gdańsku;niepubliczna z upr.publ.;Żabianka-Wejhera-Jelitkowo-Tysiąclecia;Chłopska 64;80-350;58 558 25 12;"poczta@liceumzaoczne.pl;";Katarzyna Lisowska;Inicjatywa Edukacyjna Sp. z o.o., Sp. k. ;
36322910600000;129984;Liceum Ogólnokształcące dla dorosłych;publiczna;Wrzeszcz Górny;Jana Sobieskiego 90;80-216;58 344 00 90;"psr@psr.gda.pl; beata.wierzba@psr.gda.pl;";Beata Wierzba;Pomorska Izba Rzemieślnicza Małych i Średnich Przedsiębiorstw ;
22177106000000;57154;Akademickie Liceum Ogólnokształcące dla Młodzieży w Gdańsku;niepubliczna z upr.publ.;Wrzeszcz Dolny;"Aleja Legionów 13A
biuro: B.Chrobrego 36 A/13";"80-444
80-423";691 058 490;"magellanum@magellanum.edu.pl; sekretariat@magellanum.edu.pl;";Katarzyna Turowska-Zakrzewicz;Magellanum Sp. z o.o.;
22176065900000;43407;Akademickie Liceum Ogólnokształcące Lingwista;niepubliczna z upr.publ.;Śródmieście;Gdyńskich Kosynierów 11;80-866;506 073 498;"info@oswiatalingwista.eu;";Anna Pancer;Oświata Lingwista Nadbałtyckie Centrum Edukacji Sp. z o. o. ;
36098399500000;126958;Ateneum-Liceum Akademickie;niepubliczna z upr.publ.;Śródmieście;3 Maja 25 A;80-802;58 722 08 80;"rektor@ateneum.edu.pl; liceum@ateneum.edu.pl;";Bartosz Wiśniewski;Ateneum Szkoła Wyższa w Gdańsku;
22178023100000;81755;Gdańskie Liceum Ogólnokształcące ;niepubliczna z upr.publ.;Orunia-św. Wojciech-Lipce;Małomiejska 58;80-037;58 346 39 66;"glogda@wp.pl;";Magdalena Soliwoda;Stowarzyszenie Przyjaciół Gdańskiego Liceum Ogólnokształcącego ;
22178301100000;86002;Gdańskie Szkoły Autonomiczne Gdańskie Liceum Autonomiczne;niepubliczna z upr.publ.;Śródmieście;Osiek 11/12;80-842;58 301 49 51;"gla@gfo.pl;";Monika Biblis ;Gdańska Fundacja Oświatowa ;
22178279600000;86065;High International School of Gdansk/Międzynarodowe Liceum Ogólnokształcące w Gdańsku;niepubliczna z upr.publ.;Letnica;Sucha 29;80-531;58 342 40 55;"isg@gfo.pl;";Agata Kożuszek;Gdańska Fundacja Oświatowa ;
22178210600000;86604;I Gdańskie Liceum Katolickie im. św. Wojciecha;niepubliczna z upr.publ.;Piecki-Migowo;Piecewska 9 ;80-288;58 347 96 71;"sekretariat@szkolywojciecha.pl;";Grażyna Sidorowicz;Stowarzyszenie Rodzin Katolickich w Archidiecezji Gdańskiej ;
36456751000000;130828;I Liceum Ogólnokształcące CN-B w Gdańsku;niepubliczna z upr.publ.;Śródmieście;Biskupia 24 B;80-875;"609 296 429 wicedyr.
514 110 654 sekr.";"k.wojda@cnb-feniks.edu.pl; a.petrykowski@cnb-feniks.edu.pl; j.chrobot@cnb-feniks.edu.pl;";Jarosław Chrobot;Katarzyna Wojda i Jarosław Chrobot;
22204444500000;122271;Liceum Akademii Dobrej Edukacji im. Macieja Płażyńskiego;niepubliczna z upr.publ.;Żabianka-Wejhera-Jelitkowo-Tysiąclecia;Chłopska 64;80-350;609 916 501;"ade.gdansk@dobraedukacja.edu.pl;";Katarzyna Hall;Stowarzyszenie Dobra Edukacja ;
22176454500000;43409;Liceum Ogólnokształcące Collegium Gedanense;niepubliczna z upr.publ.;Żabianka-Wejhera-Jelitkowo-Tysiąclecia;Sztormowa 9 ;80-335;58 559 00 66;"lo@cg.gda.pl;";Grzegorz Nocoń;Grzegorz Nocoń ;
22216897000000;125432;Liceum Ogólnokształcące Mundurowe Spartakus;niepubliczna z upr.publ.;Oliwa;Józefa Czyżewskiego 30A;80-336;"793 572 707
58 305 34 99";"fundacja@bursztynowym.pl;";Tadeusz Sokołowski;Fundacja Brsztynowym Szlakiem ;
36806776600000;262908;Liceum Ogólnokształcące TE Vizja z Oddziałami Dwujęzycznymi  ;niepubliczna z upr.publ.;Piecki-Migowo;Piekarnicza 16 B;80-126;609 399 009;"gdansk@tevizja.pl;";Izabela Kowalewska;Towarzystwo Edukacyjne Vizja Sp. z o. o. ;
22191335300000;115485;Liceum Ogólnokształcące TEB Edukacja;niepubliczna z upr.publ.;Wrzeszcz Górny;Romana Dmowskiego 16 A;80-264;58 321 71 21;"gdansk@teb-edukacja.pl;";Magdalena Chmurzyńska;TEB Edukacja Sp. z o.o. ;
36913128800000;265997;Niepubliczne Liceum Ogólnokształcące Thinking Zone w Gdańsku;niepubliczna z upr.publ.;Oliwa;ul. Grunwaldzka 472 b;80-309;509 342 346;"joanna.roszkowska@thinkingzone.pl;";Joanna Roszkowska;Fundacja Thinking Zone;
22178563600000;81759;Ogólnokształcące Liceum Programów Indywidualnych;niepubliczna z upr.publ.;Oliwa;Polanki 124 ;80-308;58 552 41 88;"liceum@olpi.gda.pl;";Piotr Bogdanowicz; OLPI Sp. z o.o.;
22176418900000;31240;Niepubliczne Liceum Ogólnoksztalcące Szkoła Mistrzostwa Sportowego Związku Piłki Ręcznej;niepubliczna z upr.publ.;Przymorze Wielkie;Kołobrzeska 77;80-396;"58 557 21 31
58 557 29 62";"kolobrzeska77@poczta.onet.pl;";Krystyna Turnowiecka;Związek Piłki Ręcznej w Polsce ;
36679579200000;133201;Szkoła Mistrzostwa Sportowego Liceum Ogólnokształcące Marcina Gortata w Gdańsku;niepubliczna z upr.publ.;Zaspa Rozstaje;Janusza Meissnera 9;80-462;883 261 313;"sekretariatgdansk@szkolagortata.pl; adrian.lis@szkolagortata.pl;";Adrian Lis;MG 13 Sp. z o.o.;
22177876000000;73807;Gdańska Poradnia Psychologiczno-Pedagogiczna Lingwista;niepubliczna bez upr.publ.;Śródmieście;Św. Barbary 1;80-753;58 303 30 33;"poradnia@oswiatalingwista.eu; info@oswiatalingwista.eu; ";Agnieszka Drzewicka;Oświata Lingwista Nadbałtyckie Centrum Edukacji Sp. z o. o. ;
22177556600000;70631;Instytut Wspomagania Rozwoju Dziecka Niepubliczna Poradnia Psychologiczno-Pedagogiczna;niepubliczna bez upr.publ.;Siedlce;Jacka Malczewskiego 139;80-114;58 341 44 41;"poradnia@iwrd.pl;";Anna Lubomirska;Fundacja-Instytut Wspomagania Rozwoju Dziecka ;
22176450000000;43408;Niepubliczna Poradnia Psychologiczno-Pedagogiczna CG;niepubliczna bez upr.publ.;Żabianka-Wejhera-Jelitkowo-Tysiąclecia;Sztormowa 9 ;80-335;58 559 00 66;"lo@cg.gda.pl; nai@wp.pl;";Ewa Łuszczyńska;Nocoń Grzegorz;
36266093100000;129548;Niepubliczna Poradnia Psychologiczno-Pedagogiczna Didisi;niepubliczna bez upr.publ.;Osowa;Wacława Balcerskiego 18 C;80-299;501 718 450;"tomatis.gdansk@gmail.com;";Ewa Czeszejko-Sochacka;Ewa Czeszejko-Sochacka ;
36268441700000;129609;Niepubliczna Poradnia Psychologiczno-Pedagogiczna Małe Lwy;niepubliczna bez upr.publ.;Zaspa Rozstaje ;Janusza Meissnera 13;80-462;505 050 850;"przedszkole@male-lwy.pl;";Agnieszka Wiśniewska;Agnieszka Wiśniewska i Hanna Semkło ;
22175007500000;20810;Niepubliczna Poradnia Psychologiczno-Pedagogiczna Oditis;niepubliczna bez upr.publ.;Ujeścisko-Łostowice / Piecki-Migowo;Jeleniogórska 18/1 Piekarnicza 16 B;80-180 80-126;795 596 629;"poradnia@oditis.pl; ewa-romanik@wp.pl;";Ewa Romanik;Ewa Romanik ;
36833783000000;264418;Niepubliczna Poradnia Psychologiczno-Pedagogiczna Wyspa;niepubliczna bez upr.publ.;Siedlce;Kartuska 214;80-122;58 736 54 00        601 330 664;"wyspa@olicon.com.pl;";Martyna Konkel;Olicon Sp. z o.o.;
22177166300000;69392;Niepubliczna Poradnia Wspomagania Rozwoju Po Drodze;niepubliczna bez upr.publ.;Przymorze;Jagielońska 11;80-371;517 494 714;"npwwr@psouu.gda.pl;";Magdalena Kowalska;Polskie Stowarzyszenie na Rzecz Osób z  Niepełnosprawnością Intelektualną KOŁO w Gdańsku ;
22177202000000;68871;Polskie Towarzystwo Dysleksji Poradnia Diagnostyczno-Terapeutyczna;niepubliczna bez upr.publ.;Wrzeszcz Górny;Legionów 11;80-441;58 341 06 97;"ptd.poradnia@gmail.com;";Marta Badowska;Polskie Towarzytstwo Dysleksji;
22191449900000;115539;Poradnia Psychologiczno-Pedagogiczna Instytut Dobrej Edukacji;niepubliczna bez upr.publ.;Żabianka-Wejhera-Jelitkowo-Tysiąclecia;Chłopska 64 /23;80-350;609 916 501;"poradnia@dobraedukacja.edu.pl;";"wice d. Katarzyna Kichler
dyr.Katarzyna Hall";"Stowarzyszenie ""Dobra Edukacja""";
22177567800000;69785;Poradnia Psychologiczno-Pedagogiczna Osiek;niepubliczna bez upr.publ.;Śródmieście;Osiek 11/12;80-842;58 306 77 20;"poradnia@gfo.pl;";Ewa Czech;Gdańska Fundacja Oświatowa;
36264944400000;129517;Poradnia Psychologiczno-Pedagogiczna Pegaz;niepubliczna bez upr.publ.;Siedlce;Powstańców Warszawskich 71;80-159;"533 287 007
602 704 202 dyr.";"zarzad@pegaz.la; kmadej@pegaz.la;";Marta Umińska;Pegaz.la Sp. z o.o.;
22177696200000;79036;Specjalistyczna Poradnia Psychologiczno-Pedagogiczna Tęcza;niepubliczna bez upr.publ.;Brzeźno;Konrada Korzeniowskiego 1;80-508;58 340 38 29;"poradnia-gda@o2.pl;";Bartosz Radtke;Stowarzyszenie Edukacji bez Granic im. Wiceadmirała Józefa Unruga;
22214857000000;124350;Alfa Edukacja Policealna Szkoła Doskonalenia Zawodowego w Gdańsku;niepubliczna bez upr.publ.;Zaspa Rozstaje / Wrzeszcz Górny;"zajęcia: Burzyńskiego 10
sekr. Świętojańska 68/69";"80-462
80-244";"58 308 94 95
731 731 755";"gdansk@alfaedukacja.pl;";Wincenty Kukliński;Michał Grelus ;
22214854100000;124335;Alfa Edukacja Policealna Szkoła Medyczna w Gdańsku;niepubliczna z upr.publ.;Wrzeszcz Górny  ;"zajęcia: Burzyńskiego 10
sekr. Świętojańska 68/69";80-246      80-840;58 308 94 95;"gdansk@alfaedukacja.pl;";Wincenty Kukliński;Michał Grelus ;
22214852900000;124337;Alfa Edukacja Policealna Szkoła Rozwoju Zawodowego w Gdańsku;niepubliczna z upr.publ.;Wrzeszcz Górny  ;Władysława Pniewskiego 3a;80-246;58 308 94 95;"gdansk@alfaedukacja.pl;";Wincenty Kukliński;Michał Grelus ;
22177858200000;71685;Atut Lider Kształcenia Policealna Szkoła Medyczna dla Dorosłych w Gdańsku;niepubliczna z upr.publ.;Śródmieście;"Rajska 4 E/14
Topolowa 7";"80-850
80-255";"533 404 491
58 380 17 56";"gdansk@atutszkola.pl;";Elżbieta Sawicka;DRENIA GD Sp. z o.o.;
22177847000000;71654;Atut Lider Kształcenia Policealna Szkoła Rozwoju Zawodowego w Gdańsku;niepubliczna bez upr.publ.;Śródmieście;"Rajska 4 E/14
Topolowa 7";"80-850
80-255";"533 404 491
58 380 17 56";"gdansk@atutszkola.pl;";Elżbieta Sawicka;DRENIA GD Sp. z o.o.;
22177840600000;71566;Atut Lider Kształcenia Policealna Szkoła Zawodowa w Gdańsku;niepubliczna z upr.publ.;Śródmieście;"Rajska 4 E/14
Topolowa 7";"80-850
80-255";"533 404 491
58 380 17 56";"gdansk@atutszkola.pl;";Elżbieta Sawicka;DRENIA GD Sp. z o.o.;
22178016500000;81792;Awans Policealna Szkoła Zaoczna;niepubliczna z upr.publ.;Piecki-Migowo;Piecewska 9;80-288;58 348 91 95;"sekretariat@kgoe.pl;";Katarzyna Rynkiewicz-Chajewska;Stowarzyszenie Rodzin Katolickich w Archidiecezji Gdańskiej ;
36534772600000;131779;Bałtycka Szkoła Policealna w Gdańsku;niepubliczna z upr.publ.;Śródmieście;Rajska 6 ;80-850;603 875 533 dyr.;"lszczukowska@wp.pl; baltyckielog@wp.pl;";Jarosław Szczukowski;Lucyna Szczukowska;
22177366200000;73218;Bałtycki Instytut Psychologii Alternatywnej Placówka Oświatowa Studium Psychologii Alternatywnej;niepubliczna bez upr.publ.;Wrzeszcz Górny  ;Grzegorza Piramowicza 1/2;80-218;58 341 43 45;"jax22@tlen.pl;";Stanisław Jaks;Stanisław Jaks ;
22215327500000;124656;BLUE Policealna Szkoła Promocji Kadr w Gdańsku ;niepubliczna bez upr.publ.;Siedlce ;Kartuska 128;80-136;"58 380 08 20   
730 054 800";"gdansk@blue.edu.pl;";Waldemar Żurawski;BLUE Education Sp. z o. o. ;
22215329800000;124657;BLUE Policealna Szkoła Zawodowa dla Dorosłych w Gdańsku;niepubliczna z upr.publ.;Siedlce ;Kartuska 128;80-136;"58 380 08 20   
730 054 800";"gdansk@blue.edu.pl;";Waldemar Żurawski;BLUE Education Sp. z o. o. ;
22178013600000;81795;Centrum Kształcenia Plejada Szkoła Policealna NOVUM w Gdańsku;niepubliczna z upr.publ.;Wrzeszcz Dolny;Aleja Legionów 7;80-441;58 341 02 82;"studium.novum@wp.pl;";Anna Pfliger;Bożena Sugalska ;
22179423300000;43410;Centrum Kształcenia Policealnego Technik;niepubliczna z upr.publ.;Brzeźno;Karola Chodkiewicza 13A;80-506;58 305 46 17;"biuro@technik.edu.pl;";Bogumiła Jakimiak ;Bogumiła Jakimiak ;
22176433800000;35048;Gdańska Szkoła Policealna;niepubliczna z upr.publ.;Przymorze Wielkie;Kołobrzeska 75;80-396;58 552 50 00;"gce@gce.edu.pl; przymorze@gce.edu.pl;";Grzegorz Szymczewski;Grzegorz Szymczewski i Katarzyna Bojko-Szymczewska ;
22177809100000;71327;Niepubliczna Policealna Szkoła Zawodowa Żak w Gdańsku;niepubliczna bez upr.publ.;"Śródmieście
/Piecki Migowo";"Targ Drzewny 3/7
ul. Dobrowolskiego 6";80-886;58 308 42 06;"gdansk@zak.edu.pl; centrala@zak.edu.pl;";Beata Podczaska;Centrum Nauki i Biznesu Żak Sp. z o. o. ;
36420584600000;130580;Niepubliczna Szkoła Policealna Metamorfoza ;niepubliczna bez upr.publ.;Zaspa Rozstaje;Meissnera 9;80-462;518 201 322;"sekretariat@metamorfoza.edu.pl;";Anna Jarkuszewicz;Marta Skonieczna;
38133085400000;269009;Niepubliczna Szkoła Policealna Niedaleko w Gdańsku;niepubliczna z upr.publ.;Orunia-św. Wojciech-Lipce;Smoleńska 5/7;80-058;600 082 723;"jola.grzesiuk@wp.pl;";Bardara Mizerska;Fundacja Niedaleko;
36534368000000;131752;Nova Policealna Szkoła Medyczna w Gdańsku;niepubliczna z upr.publ.;Siedlce;zajęcia: Kartuska 128 seretariat: Długa 70/71 ;80-136            80-381;790 400 499;"gdansk@nova.edu.pl;";Ilona Jankowska;NOVA Centrum Edukacyjne Sp. z o.o.;
22215330600000;124661;Nova Policealna Szkoła Promocji Kadr dla Dorosłych;niepubliczna bez upr.publ.;Siedlce/Śródmieście;"Kartuska 128
biuro: Długa 70/71";"80-136
80-831";"58 320 56 66
793 399 855";"gdansk@nova.edu.pl;";Ilona Jankowska;NOVA Centrum Edukacyjne Sp. z o. o.;
22177663700000;70642;Nova Policealna Szkoła Zawodowa dla Dorosłych w Gdańsku;niepubliczna z upr.publ.;Siedlce;Kartuska 128;80-136;"58 320 56 66
793 399 855";"bartosiak@nova.edu.pl; warszawa@nova.edu.pl;";Ilona Jankowska;Nova Centrum Edukacyjne Sp. z o. o. ;
22177611700000;69229;Policealna Szkoła Administracji Empiria;niepubliczna z upr.publ.;Oliwa;Czyżewskiego 30 a;80-336;"58 305 34 99
505 780 681";"sekretariat@empiria-gda.pl;";Alicja Boruc;Alicja Boruc;
22208704100000;123080;Policealna Szkoła BHP Alternatywa Centrum Nauki;niepubliczna z upr.publ.;Śródmieście;Wały Piastowskie 1/608;80-958;58 320 22 46;"alternatywa@centrumnauki.edu.pl;";Violetta Szywała;Dorota Utnik-Szczepankiewicz ;
22177695600000;71254;Policealna Szkoła Centrum Nauki i Biznesu ŻAK w Gdańsku;niepubliczna z upr.publ.;Śródmieście;Targ Drzewny 3/7;80-886;58 308 42 06;"gdansk@zak.edu.pl; centrala@zak.edu.pl;";Beata Podczaska;Centrum Nauki i Biznesu Żak Sp. z o. o. ;
22177926800000;79764;Policealna Szkoła Detektywów i Pracowników Ochrony Empiria;niepubliczna z upr.publ.;Oliwa;Czyżewskiego 30 a;80-336;"58 305 34 99
505 780 681";"sekretariat@empiria-gda.pl;";Alicja Boruc;Alicja Boruc;
36098518400000;126960;Policealna Szkoła dla Dorosłych Cosinus Plus w Gdańsku;niepubliczna z upr.publ.;"Wrzeszcz Górny/
Nowy Port/ Siedlce";"Al. Grunwaldzka 102 (sekr.)
ul. Na Zaspę 31A
ul. Kartuska 32/34";80-244;58 301 01 99;"gdansk@cosinus.pl;";Barbara Młynek;Fundacja MENSAM;
22177837500000;71317;Policealna Szkoła Informatyki Żak;niepubliczna z upr.publ.;Śródmieście;Targ Drzewny 3/7;80-886;58 308 42 06;"gdansk@zak.edu.pl; centrala@zak.edu.pl;";Beata Podczaska;Centrum Nauki i Biznesu Żak Sp. z o. o. ;
22177690400000;71232;Policealna Szkoła Kosmetyczna Żak;niepubliczna z upr.publ.;Śródmieście;Targ Drzewny 3/7;80-886;58 308 42 06;"gdansk@zak.edu.pl; centrala@zak.edu.pl;";Beata Podczaska;Centrum Nauki i Biznesu Żak Sp. z o. o. ;
36244743300000;129003;Policealna Szkoła Medyczna Żak w Gdańsku;niepubliczna z upr.publ.;Śródmieście / Piecki-Migowo;"sekr. Targ Drzewny 3/7 
zaj. A. Dobrowolskiego 6";80-886         80-287;58 308 42 06          ;"gdansk@zak.edu.pl; centrala@zak.edu.pl;";Beata Podczaska;Centrum Nauki i Biznesu Żak Sp. z o. o. ;
36244737300000;129000;Policealna Szkoła Opieki Medycznej Żak w Gdańsku ;niepubliczna z upr.publ.;Śródmieście / Piecki-Migowo;"sekr. Targ Drzewny 3/7 
zaj. A. Dobrowolskiego 7";80-886         80-287;58 308 42 06          ;"gdansk@zak.edu.pl; centrala@zak.edu.pl;";Beata Podczaska;Centrum Nauki i Biznesu Żak Sp. z o. o. ;
22177569000000;69786;Policealna Szkoła TEB Edukacja w Gdańsku;niepubliczna z upr.publ.;Wrzeszcz Górny;Romana Dmowskiego 16A;80-264;;"gdansk@teb.pl; gdansk@teb-edukacja.pl;";Elżbieta Ziółkowska;TEB Edukacja Sp. z o.o. ;
22177338900000;68262;Policealna Szkoła Zawodowa TUR;niepubliczna z upr.publ.;Zaspa Rozstaje / Śródmieście;Janusza Meissnera 9,        Wały Pisatowskie 1;80-462       80-958;"518 201 322
58 346 62 18";"sekretariat@metamorfoza.edu.pl;";Anna Jarkuszewicz;Marta Skonieczna;
36263864700000;129514;Policealne Szkoły Spartakus;niepubliczna z upr.publ.;Oliwa;Józefa Czyżewskiego 30a;80-336;58 305 34 99;"fundacja@bursztynowym.pl;";Małgorzata Waguca-Jączek;Fundacja Bursztynowym Szlakiem;
38142211900000;269268;PROFESJA Policealna Szkoła Zawodowa dla Dorosłych w Gdańsku;niepubliczna z upr.publ.;Nowy Port;"Heweliusza 11 (sekretariat)
Wyzwolenia 8 (zajęcia)";80-537;724-466-305;"sp.vertica@gmail.com;";Aleksandra Porożyńska;Vertiica Sp. z.o.o.;
22203893000000;122151;Prywatna Szkoła Policealna dla Dorosłych Twoja-Szkoła w Gdańsku;niepubliczna z upr.publ.;Siedlce;Skarpowa 3 ;80-145;58 302 01 81;"liceum.skarpowa3@wp.pl; gdansk@twoja-szkola.pl;";Beata Wilczek;Tomasz Kubala ;
36356416400000;130164;Prywatne Policealne Studium Zawodowe dla Dorosłych Omnibus w Gdańsku;niepubliczna z upr.publ.;Zaspa Rozstaje ;Zbigniewa Burzyńskiego 10;80-462;500 375 427;"biuro@szkolyomnibus.pl;";Alina Łucko;"Krzysztof Wojciechowski 
Dorota Wasiłek-Wojciechowska";
22215335800000;124670;Roczna Szkoła Policealna GoWork.pl w Gdańsku;niepubliczna bez upr.publ.;Oliwa;Polanki 124;80-308;690 898 761;"szkola@gowork.pl;";Aneta Galicka;Andrzej Kosieradzki;
22178159000000;86466;Roczna Szkoła Policealna Progres;niepubliczna bez upr.publ.;Śródmieście;Wały Jagiellońskie 28/30;80-853;58 305 35 29;"gdansk@progres-szkola.edu.pl;";Elżbieta Sawicka;Ogólnopolski Ośrodek Rozwoju Zawodowego Progres Sp. z o. o. ;
22177592200000;70638;Studium Bezpieczeństwa i Higieny Pracy Empiria;niepubliczna z upr.publ.;Oliwa;Czyżewskiego 30 a;80-336;"58 304 34 99
505 780 681";"sekretariat@empiria-gda.pl;";Alicja Boruc;Alicja Boruc;
36241381300000;128788;Szkoła Policealna dla Dorosłych OMEGA w Gdańsku;niepubliczna z upr.publ.;Wrzeszcz Górny;Ks. Leona Miszewskiego 12/13;80-239;58 351 32 09;"gdansk@szkolyomega.pl;";Lucyna Jakóbczak;Maria Gołęczyk;
22176451600000;43405;Szkoła Policealna Gdańskie Studium Administracji;niepubliczna z upr.publ.;Śródmieście;Św. Barbary 1 ;80-753;58 303 30 33;"b.prus@oswiatalingwista.eu; info@oswiatalingwista.eu;";Barbara Prus;Oświata-Lingwista Nadbałtyckie Centrum Edukacji Sp. z o. o. ;
36016613800000;126172;Szkoła Policealna GoWork.pl w Gdańsku;niepubliczna z upr.publ.;Oliwa;Polanki 124;80-308;690 898 761;"szkola@gowork.pl;";Aneta Galicka;Andrzej Kosieradzki;
22176581700000;43414;Szkoła Policealna Kosmetyczna Omega;niepubliczna z upr.publ.;Zaspa Młyniec;Pilotów 7 ;80-460;58 340 80 20;"omegagda@wp.pl;";Ewelina Domagała;Stowarzyszenie Charytatywno-Oświatowe Omega ;
22215337000000;124679;Szkoła Tradycyjnej Medycyny Chińskiej TOMO ;niepubliczna bez upr.publ.;Przymorze Wielkie;Czarny Dwór 4;80-365;602 793 886;"medycynaorientalna@medycynaorientalna.pl;";Roman Szymula;"Przedsiębiorstwo Produkcyjno-Usługowe  ""EXITO"" Sp. z o. o.";
36322916400000;129985;Szkoła Policealna nr 1;publiczna;Wrzeszcz Górny ;Jana Sobieskiego 90;80-216;58 344 00 90;"psr@psr.gda.pl; beata.wierzba@psr.gda.pl;";Beata Wierzba;Pomorska Izba Rzemieślnicza Małych i Średnich Przedsiębiorstw ;
22214596200000;124242;Policealna Szkoła Technik Audiowizualnych NUWAVE w Gdańsku;niepubliczna z upr.publ.;Brzeźno;Karola Chodkiewicza 22;80-506;58 305 46 17;"biuro@technik.edu.pl;";Bogumiła Jakimiak;Bogumiła Jakimiak ;
22205498100000;122567;Centrum Kształcenia Plejada Medyczna Szkoła Policealna w Gdańsku;niepubliczna z upr.publ.;Wrzeszcz Dolny;Aleja Legionów 7;80-441;58 341 02 82;"studium.novum@wp.pl;";Anna Pfliger;Bożena Sugalska ;
22177562600000;69777;Gdańskie Szkoły Medyczne;niepubliczna z upr.publ.;Śródmieście;Św. Barbary 1;80-753;58 303 30 33;"info@oswiatalingwista.eu;";Barbara Prus;Oświata Lingwista Nadbałtyckie Centrum Edukacji Sp. z o. o. ;
22177590000000;66472;Policealne Studium Farmaceutyczne;niepubliczna z upr.publ.;Orunia-św. Wojciech-Lipce;Smoleńska 5/7;80-058;58 309 05 06;"farmacja.orunia@wp.pl;";Barbara Mizerska;Społeczne Stowarzyszenie Prasoznawcze Stopka im. Stanisława Zagórskiego w Łomży;
22177721700000;70606;Studium Medyczne TEB Edukacja;niepubliczna z upr.publ.;Wrzeszcz Górny ;Romana Dmowskiego 16 A;80-264;58 321 71 21;"gdansk@teb.pl; gdansk@teb-edukacja.pl;";Magdalena Chmurzyńska;TEB Edukacja Sp. z o.o. ;
36018363900000;126203;Szkoła Medyczna GoWork.pl w Gdańsku;niepubliczna z upr.publ.;Oliwa;Polanki 124;80-308;690 898 761;"szkola@gowork.pl;";Aneta Galicka;Andrzej Kosieradzki;
22177560300000;69772;Szkoła Policealna Gdańskie Studium Farmaceutyczne;niepubliczna z upr.publ.;Śródmieście  ;Św. Barbary 1;80-753;58 305 03 03;"b.prus@oswiatalingwista.eu; info@oswiatalingwista.eu;";Barbara Prus;Oświata-Lingwista Nadbałtyckie Centrum Edukacji Sp. z o. o. ;
22189863600000;115026;Szkoła Policealna Studium Pracowników Medycznych i Społecznych;niepubliczna z upr.publ.;Siedlce ;Jacka Malczewskiego 51;80-107;58 303 30 30;"info@oswiatalingwista.eu;";Elżbieta Werkowska-Szylin;Oświata-Lingwista Nadbałtyckie Centrum Edukacji Sp. z o. o. ;
22215267200000;124641;Niepubliczna Szkoła Przysposabiająca do Pracy w Gdańsku ;niepubliczna z upr.publ.;Przymorze;Jagielońska 11;80-371;58 342 01 33;"sekretariat@psoni.gda.pl; biuro.edukacja@psoni.gda.pl;";Luiza Lipińska;Polskie Stowarzyszenie na rzecz Osób z Niepełnosprawnością Intelektualną Koło w Gdańsku;
22173817000000;11821;Technikum TEB Edukacja;niepubliczna z upr.publ.;Wrzeszcz Górny ;Romana Dmowskiego 16 A;80-264;58 321 71 21;"gdansk@teb.pl; gdansk@teb-edukacja.pl;";Maria Baczyńska;TEB Edukacja Sp. z o.o. ;
22178096900000;86228;Technikum Nr 1;publiczna;Wrzeszcz Górny ;Jana Sobieskiego 90 ;80-216;58 341 22 01;"psr@psr.gda.pl;";Beata Wierzba;Pomorska Izba Rzemieślnicza Małych i Średnich Przedsiębiorstw ;
22178093000000;86229;Branżowa Szkoła I stopnia nr 1 ;publiczna;Wrzeszcz Górny;Jana Sobieskiego 90 ;80-216;58 341 22 01;"psr@psr.gda.pl;";Beata Wierzba;Pomorska Izba Rzemieślnicza Małych i Średnich Przedsiębiorstw ;